哈佛大学,Harvard university,哈佛、Harvard,1636年,私立大学,综合研究型大学,160位诺贝尔奖、18位菲尔兹奖、14位图灵奖   普利策奖,白乐瑞（Lawrence S. Bacow）,"Cambridge, MA"
芝加哥大学,The University of Chicago,芝大，UChicago，U of C,1890年,私立研究型大学,,100位诺贝尔奖，9位菲尔兹奖，4位图灵奖；  25位普利策奖得主  5枚奥运金牌，2枚银牌，1枚铜牌,Robert J. Zimmer,美国伊利诺伊州芝加哥
哥伦比亚大学,Columbia University in the City of New York,哥大、Columbia University,1754年,私立大学,综合研究型大学,96位诺贝尔奖、5位菲尔兹奖、3位图灵奖、39次奥斯卡奖得主,校长：李·卡罗尔·布林格 （Lee Carroll Bollinger）,"116th St &amp; Broadway, New York, NY 10027"
耶鲁大学,Yale University,耶鲁、Yale,1701年10月9日,私立大学,研究型大学,62位诺贝尔奖、5位菲尔兹奖、3位图灵奖  50枚奥运金牌、25枚银牌、29枚铜牌,彼得·沙洛维,"New Haven, CT 06520"
加利福尼亚大学伯克利分校,"University of California, Berkeley",伯克利 、柏克莱、UC Berkeley、Berkeley、California、Cal、UCB,1868年3月23日,公立大学,综合研究型大学,107位诺贝尔奖、14位菲尔兹奖、25位图灵奖 19位普利策奖、20位奥斯卡金像奖  117枚奥运金牌（全美第四）、51银牌、39铜牌,,"Berkeley, CA"
伦敦大学学院,University College London,UCL,1826年,公立大学,综合研究型大学,33名诺贝尔奖得主、3名菲尔兹奖得主,迈克尔·阿瑟（Michael Arthur）,"University College London, Gower Street, London, UK  WC1E 6BT"
伦敦政治经济学院,The London School of Economics and Political Science,London School of Economics、LSE、伦敦经济学院、伦敦政经,1895年,英国公立大学,社科类研究型大学,18个诺贝尔奖得主,Craig Calhoun（校长） HRH 安妮公主（校监）,"Houghton St, Holborn, London WC2A 2AE"
纽约大学,New York University,NYU、纽大,1831年4月18日（辛卯年）,私立大学,综合研究型大学,37位诺贝尔奖得主、30余位奥斯卡金像奖得主、30余位普利策奖得主,安迪· 大卫·汉米尔顿 （Andrew David Hamilton）,"曼哈顿：New York, NY 10003 布鲁克林：370 Jay St, Brooklyn, NY 11201 阿联酋：Saadiyat Marina District - Abu Dhabi 中国：上海市浦东新区世纪大道1555号"
斯坦福大学,Leland Stanford Junior University,斯坦福、Stanford,1885（成立），1891年（正式招生）,私立大学,综合研究型大学,4位普利策奖 139枚奥运金牌（全美第二）、73银牌、58铜牌,Marc Tessier-Lavigne,"450 Serra Mall, Stanford, CA 94305"
密歇根州立大学,Michigan State University,MSU,1855年2月12日,公立研究型大学,美国国家一级大学,,Lou Anna K. Simon,"Michigan State University East Lansing, MI 48824"
南加利福尼亚大学（南加州大学）,University of Southern California,南加大（USC),1880年,私立,美国私立综合研究性大学,诺贝尔奖，图灵奖，普利策奖，奥斯卡奖,Carol L. Folt,"3551 Trousdale Pkwy, University Park, Los Angeles, CA"
普林斯顿大学,Princeton University,普林斯顿,1746年（丙寅年）,私立大学,综合研究型大学,68位诺贝尔奖、15位菲尔兹奖、13位图灵奖；  17枚奥运金牌，共60枚奥运奖牌（全美第15）,克里斯托弗·伊斯格鲁布,"Princeton, NJ 08544"
亚利桑那州立大学,Arizona State University,ASU,1885年2月26日,公立研究型大学,综合,,Michael M. Crow(PhD),"336E Orange St Tempe, AZ 85281"
达特茅斯学院,Dartmouth College,,1769年12月13日,私立研究型大学,综合,3位诺贝尔奖,菲尔·汉伦,新罕布什尔州汉诺威
比勒陀利亚大学,University of Pretoria,,1908年,,,,,南非比勒陀利亚
波士顿学院,Boston College,BC,1863年,私立,综合性大学,奥斯卡奖、金球奖、艾美奖、普利策奖,"William P. Leahy, SJ",美国马萨诸塞州波士顿西郊栗树山
俄亥俄州立大学,The Ohio State University,Ohio State、OSU,1870年,公立研究型大学,,诺贝尔奖 普利策奖 沃尔夫奖 昂萨格奖,Michael Drake,美国 俄亥俄州首府 哥伦布市
杜克大学,Duke University,Blue Devil,,私立大学,综合研究型大学,ESPN全美最佳篮球名校  12位诺贝尔奖、3位图灵奖,校长：Vincent E. Price,中国：江苏省苏州市昆山市杜克大道8号
斯德哥尔摩经济学院,Stockholm School of Economics,SSE,1909年,私立,经济类院校,诺贝尔经济学奖,Lars Strannegård,斯德哥尔摩
亚洲大学,Asia University,亚大,,私立大学,,2014 英国泰晤士报亚洲100最佳大学排名83 2014 英国泰晤士报新兴大学世界排名99 2014 德国汉诺威iF设计类大学世界排名28 2013 英国泰晤士报金砖五国及新兴经济体国家大学排名53,蔡进发,中国台湾
美国西北大学,Northwestern University,NU,1851年,私立研究型大学,综合,19位诺贝尔奖获得者，38位普利策奖获得者，史特拉奖,莫顿·夏皮罗奥,美国伊利诺伊州埃文斯顿（主校区）美国伊利诺伊州芝加哥（分校区）卡塔尔多哈（分校区）
布朗大学,Brown University,Brown、小棕,1764年,私立大学,综合研究型大学,诺贝尔奖、图灵奖,校长：Christina Hull Paxson,"Providence, RI 02912"
乔治城大学,Georgetown University,"GT,GU",1789年,天主教耶稣会大学,,“政治家摇篮”“外交家摇篮”,,华盛顿特区
苏黎世大学,University of Zurich,UZH,1833年,公立大学,综合研究型,,,瑞士苏黎世
马里兰大学,"University of Maryland, College Park",UMD或UMCP,1856年,公立研究型大学,,诺贝尔奖、普利策奖、菲尔兹奖、德雷珀奖,Wallace Loh (陆道逵),美国华盛顿特区城市圈
宾夕法尼亚大学,University of Pennsylvania,宾大、UPenn、Penn,1740年,私立大学,综合研究型大学,28位诺贝尔奖、1位图灵奖、8位美国国家科学奖章得主 115位美国国家学院院士、79位美国艺术与科学学院院士、30位美国哲学学会院士等  2位美国总统、9位《独立宣言》签字者、11位美国宪法签字者,校长：艾米·古特曼,"Philadelphia, PA 19104"
加利福尼亚大学圣迭戈分校,"University of California, San Diego",UCSD、UC San Diego,1960年11月18日,美国公立大学,综合性研究型大学,诺贝尔奖，菲尔兹奖，普利策奖,Pradeep K. Khosla,"9500 Gilman Drive, La Jolla, CA 92093, United States"
加州大学欧文分校,"University of California,Irvine",UCI,1965年,公立研究型大学,综合,诺贝尔奖4项 普利策奖3项  沃尔夫数学奖  布克奖 邓普顿奖、法拉第奖章,Howard Gillman,"University of California Irvine, Irvine, CA 92697"
哥本哈根大学,University of Copenhagen,UCPH(通用); KU(丹麦语),1479年,公立,综合性大学,,Henrik C. Wegener,首都大区 哥本哈根
SKEMA商学院,SKEMA (School of Knowledge Economy and Management) Business School,SKEMA,2009,法国精英大学,世界顶尖商学院,国际金融硕士全球前4（金融时报2018） 管理学硕士前25（金融时报2018）,Alice Guilhon,法国
博科尼大学,Bocconi University,Bocconi,1902年11月10日,私立大学,研究型大学,意大利最好的商学院 欧洲顶级商学院 最受伦敦金融城欢迎的非英国学校,Gianmario Verona,"Via Sarfatti, 25 Milano"
加利福尼亚大学戴维斯分校,"University of California, Davis",UC Davis,1905年,美国公立大学,综合性研究型大学,"诺贝尔奖，菲尔兹奖，普利策奖，阿尔伯特·爱因斯坦世界科学奖 美国""青年科学家总统奖""，国家科学奖章 世界粮食奖，沃尔夫农业奖，世界农业奖",Gary Stephen May,"One Shield Avenue, Davis, CA, 95616"
米兰理工大学,Polytechnic University of Milan,米理/米兰理工/POLIMI,1863年,国立大学,理工类大学,QS排名：意大利第一位 1963诺贝尔化学奖，1990年普利兹克建筑奖1998年普利兹克建筑奖,Ferruccio Resta,"Piazza Leonardo da Vinci, 32; 20133 Milano"
俄罗斯国立高等经济学院（官方翻译：俄罗斯国家研究型高等经济大学）,National Research University - Higher School of Economics,НИУ ВШЭ (HSE University),1992年11月,国家研究型大学,,2018/19 QS世界大学排名：343（俄罗斯第8名） 2018/19 年轻大学排名：84   2018/19 QS世界大学学科排名：社会学 51-100（俄罗斯第1名）,Yaroslav Kuzminov,俄罗斯莫斯科
牛津大学,University of Oxford,牛津,1096年,公立大学,综合研究型大学,72位诺贝尔奖、3位菲尔兹奖、6位图灵奖得主,路易斯·理查德森,Oxford OX1 2JD
威斯康星大学（通常指威斯康辛大学麦迪逊分校）,University of Wisconsin,,1848年,公立大学,,,,美国 威斯康星州
萨塞克斯大学,University of Sussex,萨大,1961年,公立大学,综合研究型,世界绿色大学排名（2015）位居11位 环保绿旗奖（Green Flag Award）、诺贝尔奖,Adam Tickell,南部阳光城市布莱顿
伦敦大学城市学院,"City,University of London",CITY,1894年,公立大学,综合,,Professor Sir Paul Curran,Northampton Square， London EC1V 0HB United Kingdom
加利福尼亚大学洛杉矶分校,"University of California, Los Angeles",UCLA,1919年5月23日,,美国公立研究型大学,,Gene D. Block,"Westwood, Los Angeles, CA 90095, United States"
华威大学,University of Warwick,华威、UoW,1965年,英国公立大学,综合研究型大学,2009年女王周年纪念奖 2014-2015 英国年度大学 菲尔兹奖、诺贝尔奖、图灵奖,Stuart Croft,Coventry CV4 7AL
密歇根大学,The University of Michigan,"UMich, U of M，Michigan",1817年9月24日,公立大学,综合性大学,唯一完成NCAA全国四项满贯的学校 美国国家海洋科研计划院校 美国太空科研计划院校,马克·施莱赛尔（Mark Schlissel）,密歇根州瓦许藤诺郡安娜堡
新泽西州立罗格斯大学,"Rutgers, The State University of New Jersey","RU, Rutgers",1766年11月10日,公立大学系统,综合,诺贝尔奖，普利策奖，菲尔兹奖等,Robert L. Barchi,83 Somerset Street
赫瑞-瓦特大学,Heriot-Watt University,瓦特大学,1821年,公立大学,综合,,,英国
德国精英大学,Eliteuniversität in Deutschland,,14世纪到20世纪,公立大学,,诺贝尔奖、菲尔兹奖、未来创新奖,,欧洲德国
鲁汶大学,Katholieke Universiteit Leuven（University of Leuven）,KU Leuven,1425年,世界顶尖大学，天主教大学，中世纪大学,,"诺贝尔奖,菲尔兹奖 2016泰晤士高等教育世界大学排名第35，比利时第一 2016USNews世界大学排名第44 路透社欧洲一流创新大学排名榜首",Luc Sels,欧洲，比利时
韦仕敦大学,Western University,UWO,1878年,公立大学,综合研究型大学,诺贝尔文学奖、诺贝尔化学奖、诺贝尔和平奖,校长：阿密特 查克马（Amit Chakma) 名誉校长：亚瑟·拉巴特,"1151 Richmond Street, London, Ontario, Canada, N6A 3K7"
以色列特拉维夫大学,Tel Aviv University,TAU,1956年,国立大学,,,Prof. Joseph Klafter,特拉维夫
宾夕法尼亚州立大学,The Pennsylvania State University,宾州州立/Penn State/PSU,1855年2月22日,公立大学,综合研究型大学,诺贝尔奖，菲尔茨奖，普利策奖，麦克阿瑟天才奖,Dr. Eric J. Barron（2014年5月12日正式担任第18任校长）,"201 Old Main, University Park, PA, USA"
京都外国语大学,Kyoto University of Foreign Studies,京都外大,1947,私立大学,,,松田　武,京都府 右京区
约克大学,University of York,York,1963年,英国公立大学,综合研究型大学,,校长：认知心理学家科恩.兰贝茨（Koen Lamberts）,"Heslington, York YO10 5DD"
约翰斯·霍普金斯大学,The Johns Hopkins University,JHU、Hopkins,1876年（丙子年）,私立大学,综合研究型大学,,Ronald J. Daniels,"巴尔的摩：3400 N. Charles Street Baltimore 华盛顿：1740 Massachusetts Ave., N.W. Washington, D.C"
日内瓦国际关系及发展学院,The Graduate Institute of International and Development Studies,The Graduate Institute,1927,大学级学院,,,Philippe Burrin,瑞士日内瓦
范德堡大学,Vanderbilt University,Vandy,1873年,国家顶级私立研究型大学,,7名诺贝尔奖获得者 两名美国副总统 新常春藤盟校 25位罗德学者,Nicholas S. Zeppos,美国田纳西州纳什维尔市市区
昆士兰大学,The University of Queensland,UQ,1909年,公立大学,综合性大学,,彼得·霍伊（Peter Hoj）,"圣卢西亚：St Lucia QLD 4072 加顿：Gatton, QLD 4343 赫斯顿：Mayne Medical School, Herston, QLD 4006"
印第安那大学艺术科学学院,Indiana University,,1820年,,,,,美国
查普曼大学,Chapman University,,1861,私立非盈利,综合性大学,,James L. Doti,美国 加利福尼亚州 橙市（橘子郡）
苏黎世工业大学,Eidgenössische Technische Hochschule Zürich,ETHZ,1855年,公立大学,,,Ralph Eichler,瑞士苏黎世
不列颠哥伦比亚大学,University of British Columbia,UBC,1908年（1915年首次招生）,公立大学,综合研究型大学,8位诺贝尔奖得主、71位罗德学者  266位加拿大皇家学会成员,校长：Santa Ono,"温哥华校区：The University of British Columbia 2329 West Mall Vancouver，BC Canada V6T 1Z4 奥肯那根校区：3333 University Way，Kelowna, BC Canada V1V 1V7"
女王大学,Queen’s University,加拿大女王大学,1841年,大学,,,Patrick Deane,"Kingston, Ontario"
都柏林圣三一大学、都柏林大学三一学院、都柏林三一学院,"Trinity College Dublin, The University of Dublin",Trinity College Dublin (TCD),1592年,公立大学,综合研究型大学,四位诺贝尔奖得主 爱尔兰首位总统,玛丽·罗宾逊,"College Green, Dublin 2"
日内瓦大学,,UNIGE,1559年,公立大学,综合,,Jean-Dominique Vassalli,瑞士日内瓦州
加州大学圣巴尔巴拉分校（也常译作圣巴尔巴拉加州大学）,"University of California, Santa Barbara",UCSB、UC Santa Barbara,1891年,公立大学,综合,诺贝尔奖,杨祖佑  (Henry T. Yang),"UC Santa Barbara, CA 93106"
惠灵顿女子学校,Wellington Girls' College,,,女子中学,,,,
格罗宁根大学,(英) University of Groningen; (荷) Rijksuniversiteit Groningen,UG,1614年,国立大学，欧洲研究型大学,,,Prof. Sibrandes Poppema,荷兰格罗宁根市
得克萨斯大学奥斯汀分校,University of Texas at Austin,得州大学、UT、UT-Austin,1883年,公立大学,综合研究型大学,诺贝尔奖、普利策奖、图灵奖、国家科学奖章等,校长：Gregory L. Fenves,"110 Inner Campus Drive，Austin, TX 78705"
阿德莱德大学,The University of Adelaide,,1874年,公立大学,综合研究型大学,,Prof. Peter Rathjen,
雪城大学（又名锡拉丘兹大学）,Syracuse University,SU,1870年,私立研究型大学,美国一级国家级大学,,Kent Syverud,美国纽约州雪城
帝国理工学院,Imperial College London,Imperial、IC、帝国理工,1907年,公立大学,理工类研究型大学,14位诺贝尔奖得主、3位菲尔兹奖得主等,Alice.P.Gast (葛思兰),"South Kensington, London SW7 2AZ"
康奈尔大学,Cornell University,Cornell、康奈尔,1865年,私立大学,综合研究型大学,58位诺贝尔奖、1位菲尔兹奖、4位图灵奖  28枚奥运金牌、19银、8铜，（全美第17）  4位普利策奖,Martha E. Pollack,"伊萨卡市：Ithaca, NY 14850 纽约市：570 Lexington, 570 Lexington Ave., Manhattan 卡塔尔：Weill Cornell Medicine - QatarQatar Foundation - Education City,P.O. Box 24144 Doha"
爱丁堡大学,The University of Edinburgh,爱大,1583年,公立大学,综合研究型大学,25位诺贝尔奖得主 女王周年纪念奖 2014REF英国大学研究排名全英第4名,马斐森 安妮公主,"Old College, South Bridge, Edinburgh EH8 9YL"
威斯康星大学（通常指威斯康辛大学麦迪逊分校）,University of Wisconsin,,1848年,公立大学,,,,美国 威斯康星州
剑桥大学,University of Cambridge,剑桥,1209年,公立大学,综合研究型大学,120位诺贝尔奖、11位菲尔兹奖、7位图灵奖得主,杜思齐(Stephen Toope),"The Old Schools, Trinity Ln, Cambridge CB2 1TN"
加州理工学院,California Institute of Technology,加州理工、Caltech,1891年,私立大学,理工研究型大学,6位图灵奖得主（世界第9）  4位菲尔兹奖得主（世界第16）,校长：Thomas F. Rosenbaum,
纽约市立大学，纽约城市大学,The City University of New York,CUNY,1847年,公立大学,,14位诺贝尔奖得主 数位菲尔兹奖得主 数位普利策奖得主 二位美国国务卿,,美国，纽约市
怀俄明大学,University of Wyoming,UW,1886年,公立大学,综合,,,美国怀俄明州拉勒米
意大利比萨圣安娜高等学校,,,1987年,,,,,
多伦多大学,University of Toronto,U of T、UToronto,1827年,公立大学,综合研究型大学,诺贝尔奖（10位） 图灵奖（5位） 加拿大总督（2位） 加拿大总理（4位） 最高法院大法官（14位）,Meric Gertler（校长）,"圣乔治：27 King's College Cir, Toronto, ON M5S 1A1 士嘉堡：1265 Military Trail, Scarborough, ON M1C 1A4 密西沙加：3359 Mississauga Rd, Mississauga, ON L5L 1C6"
高丽大学,Korea University（英文） 고려대학교（高麗大學校）（韩文）,KU、高丽大,1905年5月5日(乙巳年),私立大学,综合研究型大学,,校长：정진택(鄭眞澤) 理事长：김재호(金載昊) 学校法人：高麗中央學院,安岩：首尔特别市城北区安岩路145号 世宗：世宗特别自治市鸟致院邑世宗路2511号
欧洲大学学院,European University Institute,,,高等教学和研究机构,,,,
鹿特丹伊拉斯姆斯大学,Erasmus University Rotterdam,鹿特丹大学，EUR,1913年,公立大学，综合性大学，研究型大学,,诺贝尔经济学奖，Spinozapremie奖,Professor Dr. Henk G. Schmidt,荷兰鹿特丹市
伦敦商学院,London Business School,LBS,1964,公立商学院,,,,英国，伦敦
罗切斯特大学,University of Rochester,U of R,1850年,私立大学,综合研究型大学,,Sarah Mangelsdorf,纽约州罗切斯特市
明尼苏达大学,University of Minnesota,"U of M, UMN",1851年,公立研究型大学,综合,诺贝尔经济学奖 诺贝尔物理学奖 诺贝尔化学奖,Eric W. Kaler,美国明尼苏达州
思克莱德大学,University of Strathclyde,S大,1796年,公立大学,,商学院取得国际三重认证，位列世界前50；金融学常年排名全英TOP3,基姆·麦克唐纳,苏格兰 格拉斯哥
鲁汶大学,Catholic University of Louvain,KU Leuven,1425年,世界一流大学，天主教大学，中世纪大学,顶尖研究型,,,比利时
巴黎政治学院,Institut d'Etudes Politiques de Paris,Sciences Po Paris、巴政,1872年,公立大学,社会科学,,Frédéric Mion（弗雷德里克·弥雍）,"27 Rue Saint-Guillaume, 75007 Paris"
佐治亚州立大学,Georgia State University,GSU,1913年,公立研究型大学,综合,,,"PO Box 3965 Atlanta, GA 30302-3965"
斯德哥尔摩大学,Stockholm University/Stockholms universitet,SU,1878年（戊寅年）,国立大学,,,,瑞典斯德哥尔摩
德国公立大学,Universität,,,,,,,
弗吉尼亚大学,University of Virginia,UVa,1819年,公立研究型大学,,世界上出色的工商管理教师队伍,詹姆斯·赖恩（James E. Ryan）,美国弗吉尼亚州夏洛茨维尔
布鲁塞尔自由大学,Université Libre de Bruxelles；Universiteit Brussel,ULB；VUB,1834/1970,公立大学,综合,共有四名校友获得“诺贝尔奖”；物理学普利高津学派发源地,Eric De Keuleneer,比利时布鲁塞尔
杜伊斯堡-埃森大学,University of Duisburg-Essen,Uni DUE,2003,公立大学,综合大学,莱布尼茨奖 诺贝尔奖,Dr. Ulrich Radtke,"Universitätsstraße 2, Essen, 45141, Germany"
鲁普莱希特-卡尔斯-海德堡大学,Ruprecht-Karls—Universitaet Heidelberg,海德堡大学,1386年,公立大学,,诺贝尔奖、莱布尼茨奖,伯恩哈特·艾尔特,德国 巴登-符腾堡州海德堡
曼彻斯特大学,The University of Manchester,曼大、UoM,1824年,英国公立大学,综合研究型大学,25位诺贝尔奖得主 REF 2014 英国大学官方排名Resaerch Power全英第5 7次女王周年奖（全英第二）,Professor Dame Nancy Rothwell,
杰克森维尔大学,JacksonvilleStateUniversity,,,,综合性公立大学,,,
麦吉尔大学,University of Toronto,U of T、UToronto,1827年,公立大学,综合研究型大学,14位诺贝尔奖得主、144位罗德学者、1位阿贝尔奖得主、1位图灵奖得主 11位格莱美奖得主、9位奥斯卡金像奖得主、3位普利策奖得主 8位国家元首、5位宇航员,校长：Meric Gertler,"27 King's College Cir, Toronto, ON M5S"
乔治·华盛顿大学,George Washington University,GWU,1821年,私立大学，综合研究型大学,综合性研究型大学,诺贝尔奖 普利策奖 世界诞生千万富翁的数量的高校TOP100 美国东北部最佳大学 Most Popular Study Abroad Program,Thomas J. LeBlanc,美国华盛顿哥伦比亚特区
福特汉姆大学,Fordham University,福特汉姆，福坦莫,1841年,私立大学,研究型大学，全国性大学,,"Joseph M. McShane, S.J.","Lincoln Center 33 W. 60th StreetNew York, NY 10023"
加州大学河滨分校,"University of California, Riverside",UCR、UC Riverside,1954年,公立大学,综合性研究大学,诺贝尔奖，普利策奖,Kim A. Wilcox,"900 University Avenue, Riverside, CA 92521, United States"
迪肯大学,Deakin University,DKU、迪肯,1974年,公立大学,综合类大学,,珍妮霍兰德 Jane den Hollander,"Geelong Waurn Ponds：75 Pigdons Road, Waurn Ponds, Victoria 3216 Geelong Waterfront：1 Gheringhap Street, Geelong, Victoria 3220 Warrnambool：Princes Highway, Warrnambool, Victoria 3280"
悉尼科技大学,University of Technology Sydney,悉尼科大 UTS,1988年,公立大学,,2019-2020年QS全球大学排名位列全球第140位 2016年QS世界年轻大学（建校50年以内）全球排名第8，澳洲排名第1 2017年位列泰晤士高等教育建校50年以下大学中排名第15位,Professor Attila Brung,澳大利亚 新南威尔士州 悉尼
德克萨斯大学达拉斯分校,The University of Texas at Dallas,UTD、UT-Dallas,1969年,公立研究型大学,综合,诺贝尔奖，普利策奖,Richard Benson,美国德克萨斯州达拉斯县理查森市
布兰迪斯大学,Brandeis University,Brandeis,1948年（戊子年）,私立综合性大学,,诺贝尔奖，普利策奖，图灵奖,Ronald D. Liebowitz,美国马萨诸塞州波士顿地区
东英吉利大学,University of East Anglia,UEA,1963,公立综合性研究型大学,,全英第一个创造性写作课程  Queen's Anniversary Prize女王周年奖   THE Awards 2015 打破抗生素耐药性  2013年THE全球50年大学排名世界前十,Edward Acton,英格兰 诺里奇
格拉斯哥大学,University of Glasgow,格大,1451年,英国公立大学,综合研究型大学,2013年英国女王周年纪念奖 2014年泰晤士报年度大学 2015先驱报高等教育奖“年度最佳大学” 2018年泰晤士报苏格兰年度大学 7位诺贝尔奖得主,校长：Anton Muscatelli 校监：Aamer Anwar,"University Ave, Glasgow G12 8QQ"
华沙大学,University of Warsaw,UW,1816年,公立大学,世界知名研究型大学,诺贝尔奖、欧洲著名大学、世界300强大学、欧洲大学联盟,,波兰华沙
卡尚高等师范学校,École Normale Supérieure de Cachan,ENS Cachan,1912年,法国大学校,综合,,Pierre-Paul Zalio,法国
都灵大学,University of Torino，University of Turin,Unito,1404年,世界著名大学,综合,,Gianmaria Ajani,"Via Verdi, 8 - 10124 Torino"
乔治梅森大学,George Mason University,GMU或Mason,1954年,公立研究型大学,,诺贝尔经济学奖，普利策奖，富布莱特法案基金、国家自然科学基金,Ángel Cabrera,"4400 University Drive,Fairfax,VA 22030,U.S.A."
亚利桑那大学,The University of Arizona,UA,1885年,公立研究型大学,综合,诺贝尔奖、普利策奖等,Dr.Ann Weaver Hart,"1212 E University Tucson, AZ 85621"
布里斯托大学,University of Bristol,布大,1876（丙子年）,公立大学,综合研究型大学,13位诺贝尔奖得主,校长：Professor Hugh Brady 校监：保罗·纳斯爵士,
佛罗里达大学,University of Florida,UF,1853年,世界一流研究型大学,综合性大学,诺贝尔奖，普利策奖，菲尔兹奖,W. Kent Fuchs,"Gainesville,FL"
加州大学伯克利分校Haas商学院,"University of California-Berkeley, Haas School of Business",,1899年,,,,,
阿尔伯塔大学,University of Alberta,UA、阿大,1908年,公立大学,综合,71位罗德奖学金获得者 141位加拿大皇家学会（Royal Society of Canada）会士 111位加拿大首席研究教授（Canada Research Chair） 60位加拿大勋章获得者（Order of Canada） 3位加拿大卓越研究教授（Canada Excellence Research Chair）,David Turpin,"116 St. and 85 Ave., Edmonton, AB, Canada"
圣加伦大学,University of St.Gallen (HSG),HSG,1898年5月25日,公立大学,综合性大学,,,"Dufourstrasse 50, CH-9000 St.Gallen"
慕尼黑大学,Ludwig-Maximilians-UniversitätMünchen,LMU,1472年,世界一流大学,,诺贝尔奖、菲尔兹奖,伯恩特·胡伯教授,巴伐利亚州慕尼黑
杜兰大学,Tulane University,Tulane,1834年,私立研究型大学，国家一级大学,,诺贝尔奖、普利策奖,Michael Fitts,美国路易斯安那州
纽约州立大学宾汉姆顿分校,State University of New York at Binghamton,宾汉姆顿大学（Binghamton University）、SUNY-Binghamton,1946年,公立研究型大学,,诺贝尔奖，普利策奖，托尼奖，艾美奖等,Harvey G. Stenger,美国纽约州宾汉姆顿市
蒂尔堡大学,Tilburg University,UvT,1927年,公立研究型大学,社科类综合院校,,E.H.L(Emile) Aarts,荷兰蒂尔堡
政策研究大学院大学,National Graduate Institute for PolicyStudies,,,,,,,
国际社会科学自由大学,Libera Università Internazionale degli Studi Sociali Guido Carli,LUISS Guido Carli,1966年,私立大学,商学院,2013年意大利Censis排名中该校政治科学排第一，法律和商科第二。,Emma Marcegaglia,意大利罗马市
乌得勒支大学,Utrecht University (Dutch: Universiteit Utrecht),UU,1636年3月26日,世界一流大学，公立研究型大学,,12位诺贝尔奖 15位斯宾诺莎奖,Bert van der Zwaan,荷兰乌特勒支市
柏林自由大学,Freie Universität Berlin（德文） Free University of Berlin（英文）,FU Berlin,1948年,公立大学,德国精英大学、德国U15大学联盟成员,诺贝尔奖、莱布尼兹奖,Günter M. Ziegler（校长，2018年5月2日起）,德国柏林
澳大利亚国立大学,The Australian National University,ANU、澳国立、澳洲国立大学,1946年（奠基于1910年）,国立大学,综合研究型大学,2018 U.S.News计算机科学专业世界排名第36名  2019QS世界大学学科排名，ANU人类学排名第7,校长：Brian Schmidt（布莱恩·施密特） 校监：Gareth John Evans,Canberra ACT 0200
堪萨斯大学,University of Kansas,KU，UKansas,1865年,公立研究型大学,综合,诺贝尔奖，普利策奖,Douglas Girod,美国中部堪萨斯州
伦敦布鲁内尔大学,Brunel University London,Brunel,1966年,公立,综合,泰晤士高等教育2013年度商学院奖,Professor Julia Buckingham,"Kingston Lane, Uxbridge, Middlesex UB8 3PH"
伦敦大学伯贝克学院,"Birkbeck, University Of London",BBK,1823年,公立大学,,,Joan Bakewell勋爵,"Bloomsbury, London,United Kindom"
俄勒冈大学,University of Oregon,"UO, U of O",1876年,公立研究型大学,美国一级国家级大学,诺贝尔奖，普利策奖，艾美奖，奥斯卡奖,Michael H. Schill,"1585 E 13th Ave, Eugene, Oregon, USA"
普渡大学,Purdue University,Purdue／普渡／PU,1869年,公立综合类研究型大学,,诺贝尔奖，普利策奖 美国青年科学家总统奖 美国工程院戈登奖，美国技术和创新奖,Mitchell E. Daniels Jr.,美国印第安纳州，西拉法叶市
阿姆斯特丹大学,Universiteit van Amsterdam,UvA,1632,国立大学,,6名诺贝尔奖得主,Prof. Geert ten Dam,荷兰阿姆斯特丹
怀卡托大学,The University of Waikato,,1964年,公立大学,,,,新西兰哈密尔顿和陶朗阿
伦敦国王学院,King's College London,King's、KCL,1829年（旗下医学院创建于1550年）,英国公立大学,综合研究型学院,12个诺贝尔奖,校长 爱德华·拜恩  校监 HRH 安妮公主 校委会主席 威灵顿公爵九世,"Strand, London WC2R 2LS"
智利大学,,,1843年,,,,,智利 圣地亚哥
里斯本大学,University of Lisbon,ULisboa,1288年,公立大学,综合研究型,ARWU排名：葡萄牙第一位   欧洲规模最大的综合大学之一,安东尼奥·克鲁斯,"Alameda da Universidade, Cidade Universitária, 1649-004 Lisboa"
纽约大学阿布扎比分校,New York University Abu Dhabi,NYUAD,2010,私立研究性大学,综合,,Alfred Bloom 艾尔弗雷德·布鲁姆,萨迪雅特岛
杨百翰大学,Brigham Young University,BYU,1875年10月16日,"私立教会大学,私立研究型大学",,,Kevin J Worthen,美国犹他州
奥斯陆大学,Universitetet i Oslo,UiO,1811年,公立研究型大学,,诺贝尔奖、菲尔兹奖、图灵奖、阿贝尔奖等,Ole Petter Ottersen,奥斯陆
德克萨斯A&amp;M大学,Texas A&amp;M University,TAMU,1876年,公立研究型大学,综合,诺贝尔奖，普利策奖，沃尔夫奖等,Dr. Michael K. Young,"College Station, TX 77843"
内布拉斯加大学奥马哈分校,University of Nebraska at Omaha,"UNO, unomaha",1908年,全国性公立研究大学,,,"John E. Christensen, Ph.D.",美国布拉斯加州
圣母大学,The University of Notre Dame,ND,1842年11月26日,私立大学,综合大学,2位诺贝尔奖,John Jenkins,"Notre Dame, IN 46556(574) 631-5000"
布法罗州立大学,,,,,,,,
德保罗大学,DePaul University,DPU,1898年,私立天主教大学,综合，教育,,Dennis H. Holtschneider,"1 E.Jackson Chicago, IL 60604"
卡尔加里大学,University of Calgary,卡大，UCalgary，UofC，UC-Canada,1966年,公立大学,,,Elizabeth Cannon,加拿大阿尔伯特省卡尔加里市
劳里埃大学,Wilfrid Laurier University,WLU,1911年,公立大学,,劳里埃在2010年度商学院竞赛中荣获金牌并获得“年度大学”的称号,Max Blouw,安大略省滑铁卢市
埃默里大学,Emory University,Emory,1836年,私立研究型大学,综合私立研究型,,Claire E. Sterk,"1380 Oxford Rd NE Atlanta, GA 30322"
九州大学,Kyushu University,九大（きゅうだい）,1911年,国立大学，日本国内七所旧帝国大学之一,综合,,久保千春,日本福冈
米兰天主教圣心大学,Università Cattolica del Sacro Cuore,天主教圣心大学、圣心大学、Cattolica、UCSC,1921年,私立学校,综合类,,Prof. Franco Anelli,米兰、罗马、布雷西亚、皮亚琴察-克雷莫纳
马德里卡洛斯三世大学,Universidad Carlos III de Madrid,UC3M,1989,公立大学,综合,企业管理、经济专业排名全国第一，法律专业全国第二,Juan Romo,西班牙
瑞士伯尔尼大学,Universität Bern,,,,,,,
密苏里大学哥伦比亚分校,University of Missouri Columbia,MIZZOU 密大,1839,公立大学,综合,,,美利坚合众国密苏里州哥伦比亚城
明尼苏达大学双城分校,"University of Minnesota, Twin Cities",,,,,25项诺贝尔奖,,美国
阿尔托大学艺术设计学院,Aalto-yliopiston taideteollinen korkeakoulu,,1871年,公立,,,,芬兰
伊利诺伊大学厄巴纳-香槟分校,University of Illinois at Urbana-Champaign,UIUC,1867年,公立大学、综合性大学、研究型大学,综合,校友及教授获诺贝尔奖30个、普利策奖25个,Robert J. Jones,"Urbana-Champaign, Illinois"
兰卡斯特大学,Lancaster University,兰卡,1964年,公立大学,,最具性价比大学 最佳大学宿舍 最佳英格兰西北部大学 AACSB、AMBA和EQUIS三重认证商学院,Alan Milburn,英国英格兰兰开夏郡
奥胡斯大学,Aarhus University,AU,1928年,公立,综合性大学,,Brian Bech Nielsen,丹麦王国-日德兰半岛-奥胡斯
埃塞克斯大学,University of Essex,艾大,1964年,英格兰公立研究型大学,,英国REF排名第19，泰晤士报英国排名第22,英国下议院议长Jonhn Bercow,英国，英格兰，埃塞克斯，克彻斯特
科罗拉多州立大学,Colorado State University,CSU,1870年,公立大学,,,,美国科罗拉多州
蒙彼利埃高等商学院,Montpellier Business School,MBS/蒙彼利埃高商,1897年,Grande école（高等精英商学院）,商学院,法国十大商学院（PARISIEN/LEPOINT） 欧洲商学院TOP50（FT） 世界百大商学院排名第71位（QS） 世界硕士专业排名：管理学第32位（FT） 世界硕士专业排名：营销学第46位、金融学第95位（QS）,Bruno Ducasse,"23000 Avenue des Moulins34185 Montpellier,Cedex 4, France"
芝加哥大学,The University of Chicago,芝大，UChicago，U of C,1890年,私立研究型大学,,100位诺贝尔奖，9位菲尔兹奖，4位图灵奖；  25位普利策奖得主  5枚奥运金牌，2枚银牌，1枚铜牌,Robert J. Zimmer,美国伊利诺伊州芝加哥
科隆大学,Universität zu Köln,University of Cologne (UoC),1388,综合文理大学,,诺贝尔奖，莱布尼茨奖,Axel Freimuth,德国科隆
巴黎第十三大学,Université Paris Nord，Université Paris XIII,,,,,,,
洛桑大学,Université de Lausanne,UNIL,1537年,公立大学,综合,,,洛桑
东京理科大学,Tokyo University of Science,东理、理科大,1881年,私立大学,理工类综合性大学,2015年诺贝尔生理学或医学奖,藤嶋昭,東京都新宿区神楽坂1-3
巴黎第一大学,Université de Paris I （Panthéon-Sorbonne）,巴黎一大,1971年,公立大学,综合,8位诺贝尔奖获得者,Georges Haddad,法国 法兰西岛大区
内华达大学拉斯维加斯分校,University of Nevada Las Vegas,,1957年,,,,,
肯塔基大学,University of Kentucky,UK,1865年,公立研究型大学,综合,诺贝尔奖,Eli Capilouto,"University of Kentucky, Lexington, Kentucky 40506-0003"
塔夫茨大学,Tufts University,,1852年,私立非盈利,,,Anthony P. Monaco,梅德福，马萨诸塞州，美国
匹兹堡大学,University of Pittsburgh,PITT,1787,州立相关（State-related）,美国一级国家级大学,十次诺贝尔奖，三十四位美国国家科学奖章，六位普利策奖等,Patrick D. Gallagher,4200 Fifth Avenue
北卡罗来纳大学教堂山分校,University of North Carolina at ChapelHill,UNC,1789年,国家一级公立大学 世界顶级研究型大学,综合,诺贝尔奖，普利策奖,CAROL L. FOLT,北卡罗来纳州
克莱姆森大学,Clemson University,,,国家公立研究型大学,,,,
香港中文大学,The Chinese University of Hong Kong,港中大（CUHK）,1963年（癸卯年）10月17日,公立大学,综合,诺贝尔奖4项 菲尔兹奖1项 沃尔夫数学奖1项 图灵奖1项 罗德奖学金14项,段崇智,香港新界沙田马料水
法国高等社会科学研究院,Ecole des Hautes Etudes en Sciences Sociales,EHESS,,Grand Etablissement,公立研究院,,,
西江大学,Sogang University,西江大,1960年,私立大学,综合型大学,2018QS世界大学排名 韩国第12位  2017《朝鲜日报》韩国大学排名第10位 2017《中央日报》韩国大学排名第6位 2018QS亚洲大学排名第57位,朴钟求（박종구）,韩国首尔特别市麻浦区上水洞1号
耶拿·弗里德里希·席勒大学,Friedrich-Schiller-Universität Jena,Universität Jena/university of Jena,1558年,公立大学,研究型综合大学,诺贝尔奖,Prof. Dr. Walter Rosenthal,德国图林根州耶拿市
班尼迪克大学,Benedictine University,,1887,私立大学,综合性大学,,,
伦敦玛丽女王大学,Queen Mary University of London,QMUL、Queen Mary,1887年,公立大学,综合研究型大学,9位诺贝尔奖得主,校长：Colin Bailey 校监：安妮公主,"Mile End Rd, Bethnal Green, London E1 4NS"
威廉姆斯学院,Williams College,,1793年,私立学院,文理学院,,校长：Adam Falk,"880 Main St, Williamstown, MA 01267"
莫德纳和勒佐艾米利亚大学,Università di Modena e Reggio Emilia,,1175年,,,,,意大利艾米利亚-罗马涅大区
哈佛大学,Harvard university,哈佛、Harvard,1636年,私立大学,综合研究型大学,160位诺贝尔奖、18位菲尔兹奖、14位图灵奖   普利策奖,白乐瑞（Lawrence S. Bacow）,"Cambridge, MA"
南卡罗莱纳大学,University of South Carolina,"U of SC, USC",1801年,公立研究型大学,综合型,,Robert Caslen,南卡罗来纳州
圭尔夫大学、贵湖大学,University of Guelph,U of G,1964年,公立研究型大学,综合类,ARWU世界大学学术排名 300-400名（2017年）  U.S.News ＆World Report 425名（2017）  泰晤士高等教育 351-400名（2017）  QS世界大学排名 491-500名（2018),Franco Vaccarino,加拿大
西澳大学,The University of Western Australia,UWA,1911年,公立大学,综合研究型大学,2015年QS毕业生就业能力排名 世界49位,校长：Paul Johnson,"35 Stirling Hwy, Crawley WA 6009"
瓦格宁根大学,Wageningen University,,1876年,,理工,,,荷兰
南伊利诺伊大学,Southern Illinois University,,,,,,,
马尔凯理工大学,Università Politecnica delle Marche,,2003年,,,,,马尔凯大区Ancona
京都外国语大学,Kyoto University of Foreign Studies,京都外大,1947,私立大学,,,松田　武,京都府 右京区
休斯敦大学,University of Houston,UH,1927,公立大学,,,Renu Khator,美国休斯敦
卡迪夫大学,Cardiff University（英文） Prifysgol Caerdydd（威尔士文）,卡大,1883年,英国公立大学,综合研究型大学,7次英国女王周年奖 2017路透社“TOP100欧洲最具创新力大学”第36位 2018《泰晤士高等教育报》“十大英国最美校园” 2018QS全球毕业生就业竞争力排行榜英国第12位 2017商业与教育联合大奖之年度大学奖,Colin Riordan（校长）,英国威尔士卡迪夫
莱斯特大学,University of Leicester,莱大,1921年,公立大学,综合型研究大学,高等教育奖、英国女王奖,,The International Liaison Officer University of Leicester Leicester LE1 7RH United Kingdom
雷丁大学,University of Reading,UoR,1892,英国公立大学,综合研究型大学,英国女王周年奖  英国女王出口成就奖,Robert Van de Noort,英国英格兰伯克郡雷丁
斯特拉斯堡大学,University of Strasbourg,UDS,1538年,公立研究型,综合,20名诺贝尔奖得主，1名菲尔兹数学奖得主,Alain Beretz,"4 Rue Blaise Pascal,67081 Strasbourg Cedex"
宾夕法尼亚大学,University of Pennsylvania,宾大、UPenn、Penn,1740年,私立大学,综合研究型大学,28位诺贝尔奖、1位图灵奖、8位美国国家科学奖章得主 115位美国国家学院院士、79位美国艺术与科学学院院士、30位美国哲学学会院士等  2位美国总统、9位《独立宣言》签字者、11位美国宪法签字者,校长：艾米·古特曼,"Philadelphia, PA 19104"
色萨利大学,University of Thessaly,,,,,,,
谢菲尔德大学,The University of Sheffield,UoS、谢大、谢菲,1828年,英国公立大学,综合研究型大学,英国女王奖章,Professor Koen Lamberts,"Western Bank, Sheffield S10 2TN"
新加坡国立大学,National University of Singapore,NUS,1905年,公立大学,,,陈永财,新加坡
中欧大学,Central European University,CEU,1991年,私立非盈利,,,John Shattuck,维也纳、布达佩斯和纽约市
莱斯大学,Rice University,Rice,1891年,私立研究型大学,综合性大学,3位诺贝尔奖、普利策奖,David W. Leebron,6100 Main Street
麦克马斯特大学,McMaster University,麦马,1887年,公立大学,综合研究型大学,诺贝尔奖,校长：Patrick Deane,
沙迦美国大学,American University of Sharjah,AUS,1997,非盈利性私立大学,综合性大学,,Sheikh Sultan Bin Mohammed Al Qasimi（博士）殿下,阿拉伯联合酋长国沙迦酋长国
韦尔斯利学院,Wellesley College,,1870年,私立女子学院,文理学院,,,"106 Central St, Wellesley, MA 02481"
赫特福德大学,University of Hertfordshire,,1952年,综合性国立大学,综合,英国女皇奖,,英格兰
伊利诺伊大学芝加哥分校,the University of Illinois at Chicago,UIC,1982年,公立研究型大学,综合,,Michael D. Amiridis,"1200 West Harrison St., Chicago, Illinois60607"
曼海姆大学,University of Mannheim (in German: Universität Mannheim),UMA,1907年,公立大学,,,Susann-Annette Storm,
北卡罗来纳州立大学,North Carolina State University,"NCSU, NC State",1887年3月7日,公立研究型大学,,,"William Randolph ""Randy"" Woodson",美国北卡罗来纳州罗利市
里斯本大学,University of Lisbon,ULisboa,1288年,公立大学,综合研究型,ARWU排名：葡萄牙第一位   欧洲规模最大的综合大学之一,安东尼奥·克鲁斯,"Alameda da Universidade, Cidade Universitária, 1649-004 Lisboa"
维也纳工业大学,Vienna University of Technology,维也纳工大或维也纳技术大学,1815,国家级公立大学,理工大学,,Sabine Seidler,奥地利，维也纳
巴伊兰大学,Bar-Ilan University,BIU,1955年,大学,综合,曾赢得以色列“最美”校园奖,Rabbi Prof. Daniel Hershkowitz,以色列
密苏里科技大学,Missouri University of Science and Technology,Missouri S&amp;T,1870年,公立大学,科技技术,,,美国密苏里州
斯坦福大学,Leland Stanford Junior University,斯坦福、Stanford,1885（成立），1891年（正式招生）,私立大学,综合研究型大学,4位普利策奖 139枚奥运金牌（全美第二）、73银牌、58铜牌,Marc Tessier-Lavigne,"450 Serra Mall, Stanford, CA 94305"
伦斯勒理工学院,Rensselaer Polytechnic Institute,RPI,1824,私立大学,私立研究型大学,,Shirley Ann Jackson（翟淑礼）,"110 8th st, Troy, New York, USA, 12180"
伦敦大学学院教育学院,"Institute of Education(IOE),University College London",UCL-IOE,,,研究生学院,,,位于伦敦市中心 bloomsbury
新学院,The New School,,,私立研究型大学,,,,
欧洲工商管理学院,INSEAD,,1957年,私立商学院,工商管理,,Ilian Mihov,法国枫丹白露（临近巴黎）亚洲新加坡及阿布扎比
阿拉巴马大学,The University of Alabama,UA,1831年,公立研究型大学,综合,普利策奖,Judy Bonner,美国亚拉巴马州（Tuscaloosa）
西蒙弗雷泽大学,Simon Fraser University,SFU、Clan,1965年,公立大学,综合性研究型大学,普利策奖、罗德奖学金、奥运金牌,Andrew Petter,"8888 University Dr, Burnaby, BC, Canada"
伯明翰大学,University of Birmingham,UoB、伯大,1825年,英国公立大学,综合研究型大学,2017 TEF英国大学教学排名3位 11位诺贝尔奖得主,校长Professor David Eastwood 校监Lord Bilimoria,"爱居巴斯顿：Edgbaston Birmingham B15 2TT 赛利橡树：Weoley Park Rd, Hamilton Drive, Birmingham B29 6QW 迪拜：University of Birmingham DubaiBlock 2Dubai International Academic CityPO Box 341799"
神户大学,Kobe University,神大（しんだい）,1902年,国立大学，综合,,2012年诺贝尔生理或医学奖,武田广,日本兵库县神户市
博洛尼亚大学,Università di Bologna,Unibo,1088年,公立大学,,诺贝尔奖，世界第一所大学（大学之母）等,Francesco Ubertini,意大利博洛尼亚
柏林自由大学,Freie Universität Berlin（德文） Free University of Berlin（英文）,FU Berlin,1948年,公立大学,德国精英大学、德国U15大学联盟成员,诺贝尔奖、莱布尼兹奖,Günter M. Ziegler（校长，2018年5月2日起）,德国柏林
佛罗里达州立大学,Florida State University,FSU,1851年,公立研究型大学,综合,,,"Tallahassee, FL 32306-1037"
肯特大学,University of Kent,UKC,1965年,公立大学,综合大学,,Professor Dame Julia Goodfellow,"Giles Ln, Canterbury CT2 7NZ"
香港大学,The University of Hong Kong,港大；HKU,1911年；1912年3月11日正式办学,公立大学,综合研究型,,张翔教授,香港岛薄扶林道东
南卫理公会大学,Southern Methodist University,SMU,1911年,私立大学,,诺贝尔奖  普利策奖,,得克萨斯州达拉斯市
爱荷华州立大学,Iowa State University / Iowa State Universityof Science and Technology,ISU,1862年,公立研究型大学,综合大学,诺贝尔奖；普利兹奖,Steven Leath,"100 Alumni Hall Ames, IO 50011"
圣安德烈斯大学,Universidad Mayor de San Andrés,,,,,,,玻利维亚
查理大学,Charles University in Prague,,,,国立研究型,,,
维戈大学,Universidade de Vigo,UVIGO,1990,公立研究型大学,综合,,Salustiano Mato,西班牙
康涅狄格大学,University of Connecticut,UCONN,1881,公立研究型大学,综合研究型大学,诺贝尔奖、普利策奖,Thomas C. Katsouleas,美国康涅狄格州曼斯菲尔德市斯托尔斯镇
凯斯西储大学,Case Western Reserve University,"CWRU, CASE",1826年,私立研究型大学,综合,17项诺贝尔奖,Barbara R Snyder,"10900 Euclid Ave., Cleveland, Ohio 44106, USA"
威尼斯大学,Cafoscari University of Venice,威尼斯大学，威大，UNIVE,1868年,公立大学,综合大学,,Michele Bugliesi,威尼托大区威尼斯省
柏林行政管理和司法应用技术大学,Fachhochschule für Verwaltung und Rechtspflege Berlin,,2009年,公立,,,,德国
约克大学,University of York,York,1963年,英国公立大学,综合研究型大学,,校长：认知心理学家科恩.兰贝茨（Koen Lamberts）,"Heslington, York YO10 5DD"
米兰大学,The University of Milan,UNIV MILAN,1924年,公立大学,国立综合大学,,,意大利米兰
首尔大学,Seoul National University（英文） 서울대학교（서울大学校）（韩文）,SNU，首尔大（서울대）,1924年,国立大学,综合研究型大学,,校长：成乐寅（韩文：성낙인）,冠岳校区：首尔特别市冠岳区冠岳路1号 水原校区：京畿道水原市劝善区西湖东路13号 莲建校区：首尔特别市钟路区大学路103号
哥德堡大学,University of Gothenburg,GU,1891,公立大学,,,Pam Fredman,瑞典哥德堡
路易斯安那州立大学,"Louisiana State University, Baton Rouge",LSU,1860年,公立研究型大学,综合,,F.King Alexander,"LSU, 1146 Pleasant HallBaton Rouge, LA 70803"
南洋理工大学,Nanyang Technological University,NTU,1981年（前身南洋大学成立于1955年）,公立大学,综合,2014-2015 QS全球顶尖年轻高校第1名 2017-2018 QS世界排名第11名 2017金融时报TOP100全球商学院第24名 2017-2018 QS亚洲大学排名第一,贝安迪,新加坡
东北师范大学罗格斯大学纽瓦克学院,RUTGERS UNIVERSITY NEWARK INSTITUTE AT NENU,,2015年4月24日,,,,,吉林省长春市净月大街2555号
新加坡管理大学,Singapore Management University,SMU、新大,2000年,公立大学,财经类院校,AMBA、EQUIS、AACSB三大国际商学院认证,迪枚晔教授,81 Victoria Street
马尔堡大学,University of Marburg,,1527年7月1日,公立大学,综合,,Volker Nienhaus,德国黑森州马尔堡
加州大学美熹德分校（又译加州大学默塞德分校）,"University of California,Merced",UCM或UC Merced,2005年9月5日,公立研究型大学,综合,,Dorothy Leland,"5200 N. Lake Road Merced, CA 95343"
新奥尔良大学,The University of New Orleans,UNO,1958年,公立大学,,,,美国路易斯安那州
牛津大学,University of Oxford,牛津,1096年,公立大学,综合研究型大学,72位诺贝尔奖、3位菲尔兹奖、6位图灵奖得主,路易斯·理查德森,Oxford OX1 2JD
蒙特利尔大学,Université de Montréal,,1878年,公立大学,综合性大学,,,加拿大魁北克省
拉瓦尔大学,Université Laval,UL,1663年,公立大学,研究型综合性大学（含医学院）,,Sophie D'Amours,2255 Rue de l'universite
天主教大学,Pontifical Catholic University of Peru,,,,,,,秘鲁
格但斯克大学,Uniwersytet Gdański,,1970年,公立大学,,,Professor Jerzy Piotr Gwizdała,滨海省
阿姆斯特丹大学,Universiteit van Amsterdam,UvA,1632,国立大学,,6名诺贝尔奖得主,Prof. Geert ten Dam,荷兰阿姆斯特丹
庆应义塾大学,Keio University,庆大（けいだい）,1858年,私立大学,研究型综合大学,庆应医学奖,长谷山彰,日本东京
莱比锡大学,Universität Leipzig,,1409年,公立大学,综合,,,德国莱比锡
魁北克大学,Université du Québec,,,,公立综合性大学,,,
伊利诺伊州立大学,Illinois State University,ISU,1857年,公立大学,综合,,Larry Dietz,美国伊利诺伊州
日本西南学院大学,Seinan Gakuin University,SGU,1916年,私立大学,综合性大学,,G.W.バークレー,日本福冈县福岡市早良区西新6-2-92
巴斯大学,University of Bath,,1966年,,,2011-2012 英国年度大学 2014-2015 泰晤士英国高等大学排名第10名 2013-2014 经济学人全球商学院第20名 2014年 FT全球商学院MBA第84名,爱德华王子,Claverton Down，Bath，UK，BA2 7AY
夏威夷大学马诺阿分校,University of Hawaii at Manoa,,1907年,公立，男女合校,,,,夏威夷州檀香山市区
提契诺大学,Università della Svizzera italiana,,1996年,公立大学,跨学科多语种大学,普利兹克奖,皮耶罗•马蒂努,瑞士提契诺州
纽约州立大学奥尔巴尼分校,State University of New York at Albany,UAlbany,1844年,公立大学，美国一级国家级大学,公立综合性大学,福布斯美国最佳公立大学,Kristina Johnson,美国纽约州奥尔巴尼
罗切斯特理工大学（学院）,Rochester Institute of Technology,RIT,1829年,私立大学,理工,,Bill Destler,美国纽约州罗切斯特
内布拉斯加州立大学,University of Nebraska,,1905年,公立大学,综合类大学,,,内布拉斯加州
格罗宁根大学,(英) University of Groningen; (荷) Rijksuniversiteit Groningen,UG,1614年,国立大学，欧洲研究型大学,,,Prof. Sibrandes Poppema,荷兰格罗宁根市
法国IPAG高等商学院,Institut de Préparation à l’Administration et à la Gestion,IPAG,1965年,,商学院,,Guillaume BIGOT（校长）,尼斯、昆明、里弗赛德
波尔多大学,Université de Bordeaux,,1441年、1896年（重建）,公立大学,,,,法国波尔多
欧洲工商管理学院,INSEAD,,1957年,私立商学院,工商管理,,Ilian Mihov,法国枫丹白露（临近巴黎）亚洲新加坡及阿布扎比
纽约州立大学,State University of New York,"纽约州大, SUNY",1948年,公立大学系统,,诺贝尔奖、普利策奖、菲尔兹奖等,Nancy Zimpher,美国，纽约州，韩国仁川
奥地利大学,University of Austria,,,,,,,奥地利
弗里德里希-亚历山大 埃尔朗根-纽伦堡大学,Friedrich-Alexander-Universität Erlangen-Nürnberg,埃尔朗根-纽伦堡大学,1743年,国立大学,综合（研究型大学）,,Prof.Dr. Joachim Hornegger,"Schloßplatz 4, 91054 Erlangen"
拜罗伊特大学,Universität Bayreuth,,,,国立大学,,,
汉堡大学,Universität Hamburg,UHH,1919年3月28日,公立大学,综合,,Prof. Dr. Dieter Lenzen,德国汉堡市
图宾根大学,Eberhard-Karls-Universitaet Tuebingen,Tuebingen U,1477,公立大学,综合,诺贝尔奖,Bernd Engler,德国巴登-符腾堡州
佐治亚理工学院,Georgia Institute of Technology,Georgia Tech、Gatech、GT,1885年,公立研究型大学,综合,诺贝尔奖,"G.P.""Bud"" Peterson","1015 Tumlin St NW Atlanta, GA 30318"
爱荷华大学,The University of Iowa,爱大,1847年2月25日,公立研究型大学,综合,普利策奖,Bruce Harreld,美国爱荷华州(Iowa)
纽约大学,New York University,NYU、纽大,1831年4月18日（辛卯年）,私立大学,综合研究型大学,37位诺贝尔奖得主、30余位奥斯卡金像奖得主、30余位普利策奖得主,安迪· 大卫·汉米尔顿 （Andrew David Hamilton）,"曼哈顿：New York, NY 10003 布鲁克林：370 Jay St, Brooklyn, NY 11201 阿联酋：Saadiyat Marina District - Abu Dhabi 中国：上海市浦东新区世纪大道1555号"
奥本大学,Auburn University,AU or Auburn,1856年,公立研究型大学,综合,,Jay Gogue,"Auburn University Auburn, AL 36849"
耶什华大学,Yeshiva University,,1886年,私立,,,,美国纽约市
德国精英大学,Eliteuniversität in Deutschland,,14世纪到20世纪,公立大学,,诺贝尔奖、菲尔兹奖、未来创新奖,,欧洲德国
瑞士金融学院,Swiss Finance Institute,SFI,2006年,私立学院,,,,"Walchestrasse 9, 8006 Zürich"
美国韦恩州立大学,Wayne State University,WSU,1868年,公立大学,综合，R1，Tier 2,,M. Roy Wilson,美国密歇根州底特律市
天普大学福克斯商学院,Temple University  Fox School of Business and Management,,1918年,公立研究型综合大学,,,,
匹兹堡大学,University of Pittsburgh,PITT,1787,州立相关（State-related）,美国一级国家级大学,十次诺贝尔奖，三十四位美国国家科学奖章，六位普利策奖等,Patrick D. Gallagher,4200 Fifth Avenue
波特兰州立大学,Portland State University,PSU，PDX,1946年,公立大学,综合,,Wim Wiewel,美国俄勒冈州波特兰市
巴德学院,Bard College,,1860年,私立文理学院/Liberal Arts College,综合,,Leon Botstein,美国纽约州哈德逊河畔安南戴尔
迈阿密大学,University of Miami,UM、UMiami,1925年,国家一级综合性大学，私立大学,,格莱美奖，普利兹奖等,胡里奥佛兰克 （Julio Frenk）,美国佛罗里达州迈阿密－戴德县科勒尔盖布斯
德克萨斯A&amp;M大学,Texas A&amp;M University,TAMU,1876年,公立研究型大学,综合,诺贝尔奖，普利策奖，沃尔夫奖等,Dr. Michael K. Young,"College Station, TX 77843"
德克萨斯州立大学,Texas State University,,1899年,公立,,,,美国
里士满大学,University of Richmond,URichmond,1830年,私立大学,文理学院,,Ronald Crutcher,"28 Westhampton Way, University of Richmond, VA"
德雷塞尔大学,Drexel University,Drexel U,1891年,私立大学,综合,,John A. Fry,3141 Chestnut St.
西弗吉尼亚大学,West Virginia University,WVU,1867年,,,,,美国西弗吉尼亚州
俄克拉何马州立大学,Oklahoma State University,,1890年,公立大学,综合研究型大学,,,Stillwater Oklahoma USA
立命馆亚洲太平洋大学,立命馆アジア太平洋大学,APU,2000年,私立大学,文科学院,,是永 骏,日本国大分县别府市
德克萨斯大学圣安东尼奥分校,University of Texas at San Antonio,,1969年,公立大学,,,,德克萨斯州
奥登堡大学,Carl von Ossietzky Universität Oldenburg,,1973年,,,,,
中佛罗里达大学,University of Central Florida,UCF,1963,公立,研究型大学，太空项目大学,,"Thad Seymour, Jr.","4000 Central Florida Blvd, Orlando, FL 328169907 Universal Blvd, Orlando, FL 32819"
鲁汶大学,Katholieke Universiteit Leuven（University of Leuven）,KU Leuven,1425年,世界顶尖大学，天主教大学，中世纪大学,,"诺贝尔奖,菲尔兹奖 2016泰晤士高等教育世界大学排名第35，比利时第一 2016USNews世界大学排名第44 路透社欧洲一流创新大学排名榜首",Luc Sels,欧洲，比利时
埃克塞特大学,University of Exeter,Exon,源于1851；正式创建于1955,公立研究型大学,,英国大学综合排名前十,斯蒂夫·史密斯,英国德文郡
汉诺威大学,Gottfried Wilhelm Leibniz Universität Hannover,Uni-hannover，LUH,1831年,公立大学,综合,诺贝尔奖，莱布尼兹奖，德国总统奖，沃尔夫奖,Volker Epping,"Welfengarten 1,30167,Hannover"
哥本哈根商学院,Copenhagen Business School,,,,,,,
汉密尔顿学院,Hamilton College,,1793年,,,,,美国纽约
路易斯维尔大学,University of Louisville,U of L,1798年,州立大学,,,,美国肯塔基州路易斯维尔市
米尼奥大学,Universidade do Minho,,1973年,综合性院校,,,,
康考迪亚大学,Concordia University,康大／Concordia,1974年由两所大学合并而来,公立大学,综合类,,Alan Shepard,"1455 De Maisonneuve Blvd. W.Montreal, Quebec, Canada"
瓦萨学院,Vassar College,Vassar,1861年,私立女子学院,文理学院,,校长：Elizabeth H. Bradley,
伦敦大学皇家霍洛威学院,"Royal Holloway, University of London",RHUL,1886（霍洛威）1849（贝德福德）,公立大学,综合大学,,Professor Paul Layzell,英国大伦敦地区萨里郡
维多利亚大学,University of Victoria,维大，UVic,1963年,综合类,大学,,Jamie Cassels,加拿大
梅努斯大学,Maynooth University,MU,1795年,公立大学,综合,,,爱尔兰kildare地区
锡根大学,Universität Siegen,Uni Siegen,1972,公立大学,综合大学 大规模大学,,Prof. Dr. Holger Burckhart,Siegen
利兹大学,The University of Leeds,,1831年,英国公立大学,综合研究型大学,6位诺贝尔奖得主 英国女王周年纪念奖 英国年度最佳大学、英国政府TEF金奖大学,校长Sir Alan Langlands 校监Professor Dame Jane Francis,英国英格兰西约克郡首府利兹
阿尔斯特大学,英：University of Ulster 爱：Ollscoil Uladh,UU,1968,公立大学,,2011泰晤士报年度大学,James Nesbitt,英国北爱尔兰
智利天主教大学,Pontifical Catholic University of Chile,UC,1888年,教会大学,综合大学,,Ignacio Sánchez Díaz,智利
克莱蒙特研究生大学,Claremont Graduate University,CGU,1925年,私立大学,研究型大学,,校长：Robert W. Schult,"150 E 10th St, Claremont, CA 91711"
巴黎政治学院,Institut d'Etudes Politiques de Paris,Sciences Po Paris、巴政,1872年,公立大学,社会科学,,Frédéric Mion（弗雷德里克·弥雍）,"27 Rue Saint-Guillaume, 75007 Paris"
法兰克福歌德大学,Johann Wolfgang Goethe-Universität Frankfurt am Main（德文）Goethe University Frankfurt（英文）,法兰克福大学、歌德大学,1914年10月18日,公立大学,,诺贝尔获奖人数18 精英计划中的精英集群（数量全德第2） 德国U15名校联盟成员,Prof. Birgitta Wolff,德国法兰克福
长江商学院,Cheung Kong Graduate School of Business,CKGSB,2002年11月21日,非赢利性教育机构,商学院,,项兵,中国北京市东长安街 1 号东方广场东 3 座 3 层
香港科技大学,The Hong Kong University of Science and Technology,港科大（HKUST）,1991年10月,公立大学,综合,2017年国家自然科学奖一等奖 2011-2013年QS亚洲大学排名第1 2018-2019年泰晤士高等教育全球年轻大学排名第1 2016-2018年金融时报EMBA课程排名全球第1 2016年金融时报MBA课程排名亚洲第1,史维,香港九龙清水湾
奥塔哥大学,University of Otago,,1869年,公立大学,综合,新西兰最高质量科研成就奖,约翰·沃德（John Ward）,但尼丁，奥塔哥，新西兰
马德里康普顿斯大学,Universidad Complutense,UCM,1499,公立大学,综合,,Joaquín Goyache,西班牙Madrid
美利坚大学,American University,AU,1893年,私立大学,文理,,Sylvia Mathews Burwell,"4400 Massachusetts Avenue NW, Washington, DC 20016"
斯旺西大学,Swansea University,,1920年,公立大学,综合类大学,威尔士年度最佳大学 TEF金奖 英国TOP10工程学院,罗德里·摩根,"Singleton Park, Swansea, Wales SA2 8PP, UK"
林登沃德大学,Lindenwood University,,,,,,,
邦德大学,Bond University,,,,非盈利性私立大学,,,
俄克拉荷马大学,The University of Oklahoma,OU,1890年,公立研究型大学,综合,,大卫.L.博伦,"660 Parrington Oval, Norman, OK 73019-0390"
印第安纳大学伯明顿分校,Indiana University Bloomington,IUB,1820年,公立研究型大学,综合性大学,诺贝尔奖、普利策奖等荣誉,,印第安纳州
班戈大学,英:Bangor University 威尔士Prifysgol Bangor,班戈,1884,公立大学,,,Dafydd Elis-Thomas,英国威尔士
拉罗谢尔工程师学校,Ecole d'ingénieurs généraliste,EIGSI,1901,工程师学院,理工,,,26 rue de Vaux de Foletier17041 La Rochelle cedex 1
佛蒙特大学,University of Vermont,UVM,1791年,公立研究型大学,综合,,Tom Sullivan,美国佛蒙特州
卡尔顿大学,Carleton University,CU,1942,公立大学,,,Dr. Benoit-Antoine Bacon,加拿大渥太华
巴黎文理研究大学,Paris Sciences &amp; Lettres – PSL University,PSL,2010,公立,综合性大学,33名诺贝尔奖 14名菲尔兹奖 46项法国国家科研中心金质奖章（法国科学界最高奖）,Alain FUCHS,法国巴黎
逢甲大学,Feng Chia University,逢甲、逢大、FCU,1961年,私立大学,综合,商学院获得AACSB认证,李秉乾,台中市西屯区文华路100号
勃艮第-弗朗什孔泰大学,Université Bourgogne Franche-Comté,UBFC,1423年,公立大学,综合型,法兰西科学院奖 法兰西共和国总统“荣誉军团骑士勋章” 法兰西共和国国家文学奖,,法国第戎、贝桑松、贝尔福
佛罗里达大西洋大学,Florida Atlantic University,FAU,1961年,公立大学,,,约翰.W.凯利,"777 Glades Road, Boca Raton, FL 33431"
澳大利亚维多利亚大学,Victoria University,VU,1915年,大学,综合,,George Papas,墨尔本市
马萨诸塞大学,University of Massachusetts,UMass,1863年,公立大学系统,,,David K. Scott,美国马萨诸塞州
开普敦大学,The University of Cape Town,,1829年,,,,,南非
罗马圣玛丽亚自由大学,Libera Università “Maria SS.Assunta”LUMSA ROMA,,1939年,非国立,,,,意大利
卡罗·卡塔内奥大学,,,1991年,私立大学,,,,
加纳大学,University of Ghana,,1948年,公立大学,,,埃比尼泽·奥杜罗·奥乌苏,
巴斯克大学,Euskal Herriko Unibertsitatea,,1980年,,公立大学,,,西班牙
犹他州立大学,Utah State University,USU,1888年,美国第一类公立研究型大学,综合,"1位校友获诺贝尔奖，14人获金水学者, 1人获罗德学者奖",Stan L. Albrecht,美国犹他州罗岗市
克拉克大学,Clark University,Clark U,1887年,私立研究型大学,,诺贝尔奖，普利策奖,David Angel,美国马萨诸塞州伍斯特
中欧国际工商学院,China Europe International Business School,CEIBS,1994年11月8日,商学院,,中欧MBA:《商业周刊》18年全球最佳商学院排名亚洲第一 中欧MBA:《福布斯》17年全球排名第3（非美国本土） 中欧EMBA：《金融时报》18年全球排名第5 截至2018年，连续九年在《金融时报》EMBA全球排名中跻身前20强,李銘俊、迪帕克•杰恩（欧方）,中国上海
多特蒙德工业大学,Dortmund university of technology,TU Dortmund,1968.12.16,公立大学,综合,,Ursula Gather,德国北威州多特蒙德市
北乔治亚大学,University of North Georgia,,2013年1月8日,,,,,
法兰西公学院,Le Collège de France,,1530年,学术机构,,,,法国
达姆施塔特应用科技大学,HochschuleDarmstadt University of Applied Sciences,,,,,,,德国黑森州达姆施塔特市
南安普顿大学,University of Southampton,Soton,1862年,英国公立大学,综合研究型大学,,校长克里斯多夫·斯诺登爵士,"主校区：University Road, Southampton, United Kingdom, SO17 1BJ"
米兰大学,The University of Milan,UNIV MILAN,1924年,公立大学,国立综合大学,,,意大利米兰
马斯特里赫特酒店管理学院,,,1950年,,酒店和旅游管理学院,,,荷兰
威廉与玛丽学院,College of William &amp; Mary,威廉玛丽，WM,1693年,公立大学,综合,,泰勒▪里弗利三世,弗吉尼亚威廉斯堡
科隆大学,Universität zu Köln,University of Cologne (UoC),1388,综合文理大学,,诺贝尔奖，莱布尼茨奖,Axel Freimuth,德国科隆
中东理工大学,Orta Doğu Teknik Üniversitesi,,,,,,,土耳其共和国
苑学品大学,Högskolan i Jönköping,,1977年,私立,,,,瑞典
贝勒大学,Baylor University,Baylor或BU,1845年,私立研究型大学,,2014年美国最佳本科工程类排名第13,琳达·利文斯通 (Linda Livingstone),韦科，德克萨斯州，美国
东京工业大学,東京工業大学（とうきょうこうぎょうだいがく）/Tokyo Institute of Technology,東工大（とうこうだい）/Tokyo Tech,1881年,国立大学，理工科大学,,2000年诺贝尔化学奖 2016年诺贝尔生理学或医学奖 日本国际奖、朝日奖、学士院奖、京都奖等,益 一哉,日本
本·古里安大学,Ben-Gurion University of the Negev,,,,,,,
罗马大学,"拉丁：Studium Urbis  意：Università degli Studi di Roma ""La Sapienza""  英：Sapienza University of Rome",罗马一大,1303年,国立大学,,诺贝尔奖（共13枚） 沃尔夫奖（1990） AIA金奖（1972、1982） 奥斯卡金像奖（1987）,Eugenio Gaudio,意大利拉齐奥大区罗马首都市
班贝格大学,Otto-Friedrich-Universität Bamberg,,,公立大学,,,,德国巴伐利亚州班贝格
达姆施塔特应用科技大学,HochschuleDarmstadt University of Applied Sciences,,,,,,,德国黑森州达姆施塔特市
格里菲斯大学,Griffith University,格大；GU,1971年,公立大学,综合,,Henry Smerdon AM,"170 Kessels Road, Nathan Qld 4111, Australia"
香港科技大学,The Hong Kong University of Science and Technology,港科大（HKUST）,1991年10月,公立大学,综合,2017年国家自然科学奖一等奖 2011-2013年QS亚洲大学排名第1 2018-2019年泰晤士高等教育全球年轻大学排名第1 2016-2018年金融时报EMBA课程排名全球第1 2016年金融时报MBA课程排名亚洲第1,史维,香港九龙清水湾
北佛罗里达大学,University of North Florida,UNF,1972年,公立大学,研究型大学,,,美国佛罗里达州
阿克伦大学,University of Akron,UA,1870年,公立大学,综合,,,美国俄亥俄州
新英格兰大学,University of New England,,1954,,,,,
巴伦西亚大学,Universidad de Valencia,,1499年,,,,Dr. Esteban Morcillo,"CALLE BLASCO IBANEZ,13"
美国伊斯维斯大学,East-West University,,,,,,,
汉堡物流与企业管理技术大学,Kühne Logistics University-Wissenschaftliche Hochschule für Logistik und Unternehmensführung,KLU,2010年,私立,,,,德国
密西西比大学,University of Mississippi,Ole Miss,1848年,公立大学,综合性大学,罗德学者，杜鲁门学者,Jeffrey S. Vitter,密西西比州牛津市
弗吉尼亚理工,Virginia Polytechnic Institute and State University,"Virginia Tech, VT",1872年,公立研究型大学,综合,诺贝尔奖,Timothy D. Sands,800 Drillfield Drive
瑞典皇家理工学院,KTH Royal Institute of Technology,KTH,1827年（丁亥年）,公立大学,,Hannes Alfvén诺贝尔物理学奖 Lennart Carleson阿贝尔奖,Sigbritt Karlsson教授,瑞典斯德哥尔摩
贝尔加莫大学,,Università degli Studi di Bergamo,1968年,,,,,伦巴第大区
波鸿鲁尔大学,"Ruhr-Universität, Bochum",RUB,1962年,公立大学,研究型综合大学,德国莱布尼茨奖,舍尔梅里希教授,德国波鸿
洛桑联邦综合技术大学,,,,,,,,
伦敦政治经济学院,The London School of Economics and Political Science,London School of Economics、LSE、伦敦经济学院、伦敦政经,1895年,英国公立大学,社科类研究型大学,18个诺贝尔奖得主,Craig Calhoun（校长） HRH 安妮公主（校监）,"Houghton St, Holborn, London WC2A 2AE"
利物浦大学,University of Liverpool,UOL、利大,1881年,英国公立大学,综合研究型大学,9位诺贝尔奖得主,Professor Janet Beer,"英国：L69 3BX,Liverpool  中国：江苏省苏州市工业园区独墅湖科教创新区仁爱路111号西交利物浦大学 新加坡：10 Dover Drive Singapore 138683"
梅努斯大学,Maynooth University,MU,1795年,公立大学,综合,,,爱尔兰kildare地区
圣安德鲁斯大学,University of St Andrews,St Andrews、St And（拉丁文简写）,1410年至1413年,公立大学,研究型综合大学,重点突出 诺贝尔奖；英国苏格兰年度大学；人文科全世界第33,Prof. Sally Mapstone,英国苏格兰法夫 圣安德鲁斯
岭东科技大学,Ling Tung University,岭东科大,1964年,私立大学,综合类,,赵志扬,台中市南屯区408岭东路1号
科罗拉多矿业学院,Colorado School of Mines,Mines or GSM,1873~1874年,公立的高等学府,专于工程学与应用科学的研究大学,,,丹佛市西方约 21 公里的高登市
东北大学,Northeastern University,NEU,1898年,私立研究型大学,世界一流大学,普利策奖，古根海姆奖,Joseph E.Aoun,"360 Huntington Avenue, 200 Kerr Hall, Boston, MA 02115"
圣塔克拉拉大学,Santa Clara University,SCU,1851年,私立高校,综合,,"Kevin O’Brien, S.J.","美国加利福尼亚圣塔克拉拉El Camino Real 500号（500 El Camino Real Santa Clara, CA 95053）"
德国公立大学,Universität,,,,,,,
克莱蒙奥弗涅大学,l'Université Clermont-Auvergne（法文）,UCA,2017,法国综合性国立大学,,,Mathias Bernard,法国奥弗涅.罗讷-阿尔卑斯大区克莱蒙费朗市
理海大学,Lehigh University,LU,1865年,私立大学,理工,,John D. Simon,"27 Memorial DR West Bethlehem, PA 18015"
杜伦大学,Durham University,Durham,源于1072年，1832年正式创建,英国公立大学,综合研究型大学,科普利奖章、坦普尔顿奖等,Stuart Corbridge 托马斯•艾伦 爵士,
敦阿都拉萨大学,UNIRAZAK,,1998年,,,,,
朴次茅斯大学,University of Portsmouth,,1869年,公立大学,综合,商学院是世界MBA协会正式成员 泰晤士报英国现代化大学评选第五 欧洲大学协会成员,桑蒂·图克斯威格,英国朴次茅斯
一桥大学,Hitotsubashi University,一桥,1875年,,国立大学,,蓼沼宏一,东京国立市中2丁目1番地
关西学院大学,Kwansei Gakuin University,关学,1889年,私立大学,综合,,村田治,兵库县西宫市上ケ原一番町1-155
沙斯卡曲湾大学,University of Saskatchewan,,1907年,,,,,沙斯卡曲湾省首府沙斯卡通市
柏林自由大学,Freie Universität Berlin（德文） Free University of Berlin（英文）,FU Berlin,1948年,公立大学,德国精英大学、德国U15大学联盟成员,诺贝尔奖、莱布尼兹奖,Günter M. Ziegler（校长，2018年5月2日起）,德国柏林
格拉茨大学,University of Graz,,1585年,公立大学,,,,奥地利
马来西亚博特拉大学,Universiti Putra Malaysia,UPM,1931年,公立大学,研究型综合大学,AACSB认证,Prof. Datin Paduka Dr. Aini Ideris,马来西亚
台湾大学,National Taiwan University,台大（NTU),1928年,公立大学,综合，旧帝国大学之一,诺贝尔化学奖1项 图灵奖1项 沃尔夫化学奖1项,管中闵,台湾省台北市大安区罗斯福路四段一号
圣十字学院,College of the Holy Cross,HC,1843年11月2日,"私立学校, 天主教耶稣会大学",,,,美国马萨诸塞州
华盛顿州立大学,Washington State University,华州大，WSU,1890年,公立研究型大学,综合,,Elson S. Floyd,"PO Box 645910 Pullman,WA 99164"
佛罗里达国际大学,Florida International University,FIU,1965年,公立大学,综合研究类型,,Mark B. Rosenberg,"11200 SW 8 Street, Miami, Florida, United States of America"
拉里奥哈大学,,,,公立大学,,,,
达姆施塔特工业大学,Darmstadt University of Technology,TU Darmstadt,1877年,公立大学,理工,诺贝尔奖 沃尔夫奖 莱布尼茨奖,Tanja Christina Brühl,"Karolinenplatz 5,64289 Darmstadt"
达尔豪斯大学,Dalhousie University,DalU,1818年,医博类大学,研究型综合大学,,Dr. Richard Florizone,
比利时列日大学,Université de Liège,,,,,,,
克里特大学,University of Crete,,1973年,,,,,克里特大区
柏林赫尔梯行政学院,Hertie School of Governance,HSOG,2003年,私立,,,,德国
霍恩海姆大学,University of  Hohenheim,,1818年,公立大学,,,Stephan Dabbert,"Plieningen,70599  Stuttgart,Baden-Württemberg,Deutschland"
卡尔斯鲁厄理工学院,Karlsruhe Institute of Technology,KIT,1825年,公立大学,综合理工,诺贝尔奖,Professor Dr.-Ing. Holger Hanselka,德国巴登-符腾堡州
约翰内斯堡大学,University of Johannesburg,,2005年12月1日,,综合性大学,,,南非
维思大学,Wesleyan University,"Wesleyan,Wes",1831年,私立学院,文理学院,2015年普林斯顿评论“最有影响力”大学 诺贝尔奖、普利策奖,迈克尔·罗斯（Michael Roth）（1978届校友）,"45 Wyllys Avenue, Middletown, CT 06459"
高知工科大学,Kochi University of Technology,,1997年,日本私立大学,理工类研究型高校,,磯部　雅彦,日本四国地区
堪萨斯州立大学,Kansas State University,KSU,1863年2月16日,公立大学,综合,,Gen. Richard B. Myers,曼哈顿，堪萨斯州
波尔图大学,University of Porto,,1911年3月22日,公立大学,,,,葡萄牙
美因茨约翰内斯·古腾堡大学,Johannes Gutenberg-Universität Mainz,美因茨大学,1477年,公立大学,综合性大学,,,"Saarstraße 21, 55122 Mainz"
贝鲁特美国大学,The American University of Beirut（AUB）,,,,,,,
俄勒冈州立大学,Oregon State University,OSU,1858年,公立研究型大学,,诺贝尔奖，普利策奖,Edward Ray,美国 俄勒冈州
波士顿大学法学院,Boston University School of Law,BU Law,,,私立,,Maureen O'Rourke,马塞诸塞州波士顿
蒙特爱立森大学,Mount Allison University,MtA / 爱大,1839年,公立大学,基础类大学/文理学院,55位罗德学者，英联邦国家中人均罗德学者获得人数最高的学校。,Dr. Jean-Paul Boudreau,加拿大，新不伦瑞克省
博科尼大学,Bocconi University,Bocconi,1902年11月10日,私立大学,研究型大学,意大利最好的商学院 欧洲顶级商学院 最受伦敦金融城欢迎的非英国学校,Gianmario Verona,"Via Sarfatti, 25 Milano"
岭南大学,Lingnan University,岭大、LU,1888年,香港法定公立大学,博雅大学，基督教大学,,郑国汉,香港新界屯门青山公路8号岭南段
蒂尔堡大学,Tilburg University,UvT,1927年,公立研究型大学,社科类综合院校,,E.H.L(Emile) Aarts,荷兰蒂尔堡
阿斯顿大学,Aston University,Aston,1895年,公立,综合,,Sir John Sunderland,"Aston University,Birmingham, B4 7ET"
宾夕法尼亚州立大学,The Pennsylvania State University,宾州州立/Penn State/PSU,1855年2月22日,公立大学,综合研究型大学,诺贝尔奖，菲尔茨奖，普利策奖，麦克阿瑟天才奖,Dr. Eric J. Barron（2014年5月12日正式担任第18任校长）,"201 Old Main, University Park, PA, USA"
维也纳工业大学,Vienna University of Technology,维也纳工大或维也纳技术大学,1815,国家级公立大学,理工大学,,Sabine Seidler,奥地利，维也纳
亚太商学院,The Asia Pacific School of Business,APSB,1995,私立大学,商学,IIIRC评级AAA SQC-PEO教育素质管理认证 IAO教学教研、学术研究评级,庄祯明 院长,新加坡
西华盛顿大学,Western Washington University,西华大,1893年,公立大学,,,,美国华盛顿州Bellingham市
帕绍大学,Universität Passau（德文）,Uni Passau,1978年,公立研究型大学,研究型综合大学,,Prof.Dr. Carola Jungwirth,德国巴伐利亚州
格拉茨大学,University of Graz,,1585年,公立大学,,,,奥地利
早稻田大学,わせだだいがく、WASEDA University,早大（そうだい)、WASEDA,1882年（壬午年）,综合类大学,,,镰田薰,日本东京
阿尔伯特-路德维希-弗莱堡大学,Albert-Ludwigs-Universität Freiburg（德）,弗莱堡大学,1457年,公立大学,综合性大学,诺贝尔奖、莱布尼茨奖等,汉斯-佑亨-施维尔,"德国,巴登-符腾堡州,弗赖堡市"
国立远程教育大学,UNIVERSIDAD NACIONAL DE EDUCACIóN A DISTANCIA,,1972年,,,,,
巴黎第二大学,Université Paris II Panthéon-Assas,巴黎二大,1971年 （由巴黎大学分立而成）,公立大学,综合（文科）,,Guillaume Leyte,"12, place panthéon, 75005, paris"
卑尔根大学,Universitetet i Bergen,UIB,1946年,公立,综合,,Sigmund Grønmo,挪威，卑尔根
三一大学,Trinity University (Texas）,,1869年,私立,文理学院,美国西部硕士院校第1名（2016） 福布斯全美大学排名第96名（2016）,"Danny J. Anderson, Ph.D.",美国
宾夕法尼亚大学,University of Pennsylvania,宾大、UPenn、Penn,1740年,私立大学,综合研究型大学,28位诺贝尔奖、1位图灵奖、8位美国国家科学奖章得主 115位美国国家学院院士、79位美国艺术与科学学院院士、30位美国哲学学会院士等  2位美国总统、9位《独立宣言》签字者、11位美国宪法签字者,校长：艾米·古特曼,"Philadelphia, PA 19104"
大阪大学,日文平假名：おおさかだいがく,阪大（はんだい）,1931年,国立大学，日本国内七所旧帝国大学之一,,1949年诺贝尔物理学奖  沃尔夫奖 拉斯克奖 日本文化勋章等,西尾章治郎,日本
开罗大学,Cairo University ‎,开大,1908年,公立综合型大学,,世界大学600强,穆哈穆德·奥斯曼·胡希特,埃及开罗
格林威治大学,University of Greenwich,,1890年,公立大学,综合,,Professor David Maguire,英国伦敦
创价大学,創価大学 そうかだいがく Soka University,创大、创价大,1971年,私立大学,,,马场善久,日本东京都八王子市
西密歇根大学,Western Michigan University,WMU，西密大,1903年,公立大学,综合类大学,,Dr. John Dunn,"1903 W Michigan Ave, Kalamazoo, MI 49008"
加利福尼亚大学,University of California,加州大学（UC）,1868年,十所顶级公立大学组成的系统,,不少于120位诺贝尔奖得主,卡洛·克里斯特等十位校长,美国加利福尼亚州
马格德堡大学,Otto von Guericke University Magdeburg,OVGU,1993年,公立大学,综合,,Jens Strackeljan教授,Universitätsplatz 2 39106 Magdeburg
德里大学,University of Delhi,DU,1922年,公立大学,综合,,穆罕默德·哈米德·安萨里,印度首都新德里
圣保罗大学,Universidade de São Paulo,USP,1934年,公立大学,综合,,Marco Antonio Zago,巴西 圣保罗州
印第安纳大学与普渡大学印第安纳波里斯联合分校,Indiana University-Purdue University Indianapolis,IUPUI,1969年,公立大学,综合,,,美国印第安纳州
普林斯顿大学,Princeton University,普林斯顿,1746年（丙寅年）,私立大学,综合研究型大学,68位诺贝尔奖、15位菲尔兹奖、13位图灵奖；  17枚奥运金牌，共60枚奥运奖牌（全美第15）,克里斯托弗·伊斯格鲁布,"Princeton, NJ 08544"
雷根斯堡大学,Universität Regensburg,,1962年,,,,,德国雷根斯堡
吉森大学,Justus-Liebig-Universität Gießen,JLU,1607,公立大学,,,,德国黑森州吉森
威斯蒙特学院,Westmont College,,1937年,宗派基督教文理学院,,,,
拉法耶特学院,Lafayette College,,1826年,私立,文理学院,,Alison R. Byerly,"Easton, PA宾夕法尼亚州的伊斯顿"
克莱蒙特·麦肯纳学院,Claremont McKenna College,CMC,1946年,私立高校,文理学院,,Hiram Chodosh（校长）,"888 N Columbia Ave, Claremont, CA 91711"
巴黎高等电子学院,Institut Supérieur d'Electronique de Paris,ISEP,1955年,私立大学,理工类,"2016年法国《USINE NOUVELLE》杂志排名，数字领域全法第2 2016年法国《USINE NOUVELLE》杂志排名，总排名全法第12 2016法国l'Etudiant杂志排名,毕业生工资位居信息技术领域全法第1",Dieudonné Abboud,法国巴黎
滑铁卢大学,University of Waterloo,Waterloo（UW）,1957年,公立大学,综合研究型大学,ACM国际大学生程序设计竞赛冠军,校长：斐丹•汉杜拉普(Feridun Hamdullahpur),"200 University Avenue West, Waterloo, ON"
实践大学,Shih Chien University,实践(USC),1958年3月26日,私立大学,综合大学,,陈振贵,中国台湾
里德学院,Reed College,,1908年,私立大学,文理学院,32位罗德学者 3位丘吉尔学者,John Kroger,俄勒冈州波特兰市东南部
马里兰大学巴尔的摩分校,"University of Maryland, Baltimore",,,,,,,
卢布尔雅那大学,University of Ljubljana,,1919年,公立大学,,,,卢布尔雅那市
中国科学院,Chinese Academy of Sciences,,1949年11月,国务院直属事业单位,,,,
乌尔兹堡大学,Julius-Maximilians-Universität Würzburg,,,公立大学,,,,德国 巴伐利亚州 乌尔兹堡
伯恩茅斯大学,Bournemouth University,BU,1976年,英国公立大学,综合性大学,1994英国女王周年奖：环境工程和科学  2011英国女王周年奖：计算机动画和特效,尼古拉斯·菲利普斯勋爵,"Bournemouth University,Fern Barrow,Poole,Dorset,BH12 5BB"
斯坦陵布什大学,University of Stellenbosch,,1866年,,,,,斯坦林布什镇
曼尼托巴大学,University of Manitoba,曼大、UM,1877年,公立大学,综合研究型大学,诺贝尔奖、普利策奖、克拉福德奖,校长：David Barnard,"66 Chancellors Cir, Winnipeg, MB R3T 2N2"
斯德哥尔摩经济学院,Stockholm School of Economics,SSE,1909年,私立,经济类院校,诺贝尔经济学奖,Lars Strannegård,斯德哥尔摩
南澳大学,University of South Australia,UniSA,1991,公立大学,综合,,David Lloyd,阿德莱德
斯沃斯莫尔学院,Swarthmore College,The Garnet,1864年,,文理学院,,校长：Rebecca S. Chopp,"500 College Ave, Swarthmore, PA 19081"
博科尼大学,Bocconi University,Bocconi,1902年11月10日,私立大学,研究型大学,意大利最好的商学院 欧洲顶级商学院 最受伦敦金融城欢迎的非英国学校,Gianmario Verona,"Via Sarfatti, 25 Milano"
辛辛那提大学,University of Cincinnati,UC,1819年,公立大学,综合,,Neville Pinto,美国俄亥俄州辛辛那提市
科尔盖特大学,Colgate University,,1819年,私立,文理学院,,Brian Casey,纽约州哈密尔顿
加州州立理工大学,California Polytechnic State University,Cal Poly,1901年,美国公立研究型大学,综合，理工,,Jeffrey Armstrong,"San Luis Obispo, California, U.S."
昆士兰科技大学,Queensland University of Technology,QUT,1908,公立大学,综合性大学,2020泰晤士高等教育世界大学排名第179位 AMBA、EQUIS、AACSB三大国际商学院认证,Professor Margaret Sheil AO,昆士兰州布里斯班市区
阿默斯特学院,Amherst College,,1821年,私立学院,文理学院,,,"Amherst, Massachusetts 01002"
德国伍珀塔尔大学,Bergische Universität Wuppertal,,,,综合性公立大学,,,德国
维拉诺瓦大学,Villanova University,,1842年,私立大学,综合,,"Rev. Peter M. Donohue, O.S.A.","800 E. Lancaster Avenue Villanova, PA 19085 USA"
海法大学,University of Haifa,,,,综合性,,,以色列
意大利特伦托大学,University of Trento,,1962,,,,,意大利
巴勃罗·德·奥拉维德大学,Universidad Pablo de Olavide,,1997年,,,,,
日本大学,Nihon University,日大,1882年,私立大学,综合,,大塚 吉兵卫,東京都千代田区九段南4-8-24
田纳西大学,The University of Tennessee,UT,1794年,公立研究型大学,综合,诺贝尔奖 普利策奖 美国联邦自然科学基金,Jimmy G. Cheek,"800 Andy Holt Tower, Knoxville, TN 37996-0150"
中央兰开夏大学,University of Central Lancashire,UCLan,1828年,英国公立大学,英国综合性大学,教学质量被QS评为五星级 国际化程度被QS评为五星级 基础设施被QS评为五星级,Mike Thomas,英国英格兰地区兰开夏郡首府
那不勒斯帕斯诺普大学,"The University of Naples ""Parthenope""",,1919年,,,,,意大利那不勒斯市
克兰菲尔德大学,Cranfield University,,1969年,公立大学,英国TOP6研究型大学,最佳国际商学院TOP10 全英商学院排名第2名  世界顶级商学院排名：经济学专业全球第2名,Sir Peter Gregson,"Cranfield University， Bedfordshire, MK43 0AL"
纳尔逊·曼德拉都市大学,Nelson Mandela Metropolitan University,,2005年,公立,,,,南非
乌尔比诺大学,Università degli Studi di Urbino,,1506年,公立大学,,,,意大利马尔凯大区
意大利莫利泽大学,,,1982年,,,,,
拉曼鲁尔大学,Universitat Ramon Llull,,,,,,,
多特蒙德工业大学,Dortmund university of technology,TU Dortmund,1968.12.16,公立大学,综合,,Ursula Gather,德国北威州多特蒙德市
麦考瑞大学,Macquarie University,MQU,1964年,公立大学,综合性大学,,Professor Bruce Dowton,"Balaclava Rd, Macquarie Park NSW 2109"
芬兰坦佩雷大学,Tampereen yliopisto,,1925,,公立,,,西芬兰省
东京工业大学,東京工業大学（とうきょうこうぎょうだいがく）/Tokyo Institute of Technology,東工大（とうこうだい）/Tokyo Tech,1881年,国立大学，理工科大学,,2000年诺贝尔化学奖 2016年诺贝尔生理学或医学奖 日本国际奖、朝日奖、学士院奖、京都奖等,益 一哉,日本
仁荷大学,Inha University,,1954年,私立大学,综合,,,韩国
霍恩海姆大学,University of  Hohenheim,,1818年,公立大学,,,Stephan Dabbert,"Plieningen,70599  Stuttgart,Baden-Württemberg,Deutschland"
肯尼索州立大学,Kennesaw State University,KSU,1963年,公立,综合类,,,
阳光海岸大学,University of The Sunshine Coast,,1996年,大学,,,,澳大利亚昆士兰州首府布里斯班以北
萨班哲大学,Sabanci University,SU,1994,私立大学,综合,2015年《泰晤士高等教育》世界大学排行榜第182位 2015年《泰晤士高等教育》亚洲大学排行榜第21位,Prof. Dr. Nihat BERKER,土耳其伊斯坦布尔
哈佛大学,Harvard university,哈佛、Harvard,1636年,私立大学,综合研究型大学,160位诺贝尔奖、18位菲尔兹奖、14位图灵奖   普利策奖,白乐瑞（Lawrence S. Bacow）,"Cambridge, MA"
米兰大学,The University of Milan,UNIV MILAN,1924年,公立大学,国立综合大学,,,意大利米兰
伊利诺伊大学芝加哥分校,the University of Illinois at Chicago,UIC,1982年,公立研究型大学,综合,,Michael D. Amiridis,"1200 West Harrison St., Chicago, Illinois60607"
美国伊利诺伊斯理工大学,Illinois Institute of Technology,伊利诺伊斯,1890年,私立大学,,,Alan W. Cramb,芝加哥
德国公立大学,Universität,,,,,,,
法兰克福金融管理学院,Frankfurt School of Finance and Management,,1957,私立大学,商学院,,,Frankfurt am Main
俄罗斯俄联邦总统国家行政学院,THE RUSSIAN PRESIDENTIAL ACADEMY OF NATIONAL ECONOMY AND PUBLIC ADMINISTRATION,联邦总统大学,1994年,公立大学,,,弗拉基米尔·莫,莫斯科自治市
密西西比州立大学,Mississippi State University,MSU,1878年,公立大学,综合,,Mark E. Keenum,美国密西西比州斯塔克维尔
洛桑联邦综合技术大学,,,,,,,,
马凯特大学,Marquette University,MU,1881年,私立天主教大学,综合,,Michael Lovell,美国威斯康星州
达姆施塔特应用科技大学,HochschuleDarmstadt University of Applied Sciences,,,,,,,德国黑森州达姆施塔特市
内华达大学,University of Nevada,,,公立研究型综合大学,,,,美国
密苏里科技大学,Missouri University of Science and Technology,Missouri S&amp;T,1870年,公立大学,科技技术,,,美国密苏里州
达姆施塔特应用科技大学,HochschuleDarmstadt University of Applied Sciences,,,,,,,德国黑森州达姆施塔特市
圣地亚哥州立大学,San Diego State University,SDSU,1897,公立大学,综合,,Sally Roush,"5500 Campanile Dr.San Diego, California，92182"
特拉华大学,University of Delaware,UD或UDel,1743年,公立研究型大学,综合,诺贝尔奖,,"University of Delaware, Newark, Delaware 19716"
马来西亚博特拉大学,Universiti Putra Malaysia,UPM,1931年,公立大学,研究型综合大学,AACSB认证,Prof. Datin Paduka Dr. Aini Ideris,马来西亚
巴黎综合理工大学,École Polytechnique,X,1794年,精英工程师学院,,,Jacque Biot（主席），Yves Demay将军（首席长官）,巴黎帕莱索
台湾交通大学,National Chiao Tung University（NCTU）,交大，台湾交大，新竹交大,1896年（1958年在台复校）,公立高校,理工类,台湾省经济部中小企业处创新服务奖（2010年） 台湾“行政院“第五届金档奖（2007年） 台湾省教育主管部门97年度产学合作绩优学校奖（2008年）,张懋中,中国台湾新竹市大学路1001号
乐卓博⼤学,La Trobe University,LTU,1967,公立,综合性,,,澳大利亚联邦 维多利亚州 墨尔本
北卡罗来纳大学夏洛特分校,University of North Carolina at Charlotte,UNCC,1946年,公立研究型大学,综合,,Philip L.Dubois,美国北卡罗来纳州
澳大利亚国立大学,The Australian National University,ANU、澳国立、澳洲国立大学,1946年（奠基于1910年）,国立大学,综合研究型大学,2018 U.S.News计算机科学专业世界排名第36名  2019QS世界大学学科排名，ANU人类学排名第7,校长：Brian Schmidt（布莱恩·施密特） 校监：Gareth John Evans,Canberra ACT 0200
巴黎第十一大学（巴黎南大学）,Université Paris-Sud,Paris-Sud; Paris XI,1970年1月1日,顶尖公立大学,综合研究型大学,诺贝尔奖、菲尔兹奖等奖项,Sylvie Retailleau 教授,法国 大巴黎地区
马来西亚砂拉越大学,Universiti Malaysia Sarawak,UNIMAS,1992年12月,公立大学,,,,州马来西亚 砂拉越
拉夫堡大学,Loughborough University,LU,1909,公立大学,,2017 卫报英国大学排名中位列第4 2017 泰晤士报英国大学排名中位列第7 2018 Table of Tables 英国大学排名第6 2017年 QS世界五星+大学 7次获得英国大学最高荣誉奖—-英国女王年度奖，位列英国第2,Sebastian Coe爵士,英国英格兰莱斯特郡拉夫堡校区、伦敦校区
同志社大学,Doshisha University,同志社、同大、DOSHISHA、,1875年,私立大学,文理综合,,松岡敬,今出川校区：京都府上京区今出川通乌丸东入              京田边校区：京都府京田辺市多多罗都谷1-3
布宜诺斯艾利斯大学,Universidad de Buenos Aires，UBA,,1821年8月12日,公立大学,综合,,Dr. Alberto Barbieri,阿根廷布宜诺斯艾利斯
贝茨学院,Bates College,,1855年,私立文理学院,博雅教育,,克莱顿·斯宾塞（Clayton Spencer）,美国缅因州
巴里大学,University of Bari Aldo Moro,Uniba,1924年,公立大学,综合,,Antonio Felice Uricchio,Università degli Studi di Bari Aldo MoroPiazza Umberto I – 70121 Bari (Italy)
剑桥大学三一学院,"Trinity College, Cambridge",,1546年,公立大学,,,,英国
英国林肯大学,University of Lincoln,,,公立大学,综合大学,在2017年卓越教学纲要(TEF)中，荣获金奖 2019年《卫报》大学排名中，林肯大学名列全英国第22名  在2019年《泰晤士与星期天泰晤士报》大学排名中名列全英国42名  在2018年学生满意度（NSS）中排名全英第8名,Mary Stuart,"University of Lincoln, Brayford Pool, Lincoln, LN6 7TS"
埃塞克高等商学院,ESSEC Business School,ESSEC,1907年,私立商学院,高等商学院,,Vincenzo Esposito Vinzi,"France (Cergy and La Défense), Singapore,  Morocco (Rabat)"
弗莱贝格工业大学,Technische Universität Bergakademie Freiberg,,1765年,,工业大学,,,德国萨克森州弗莱贝格市
舍布鲁克大学,Université de Sherbrooke,,1954,,综合,,,
欧洲管理技术学院,"European School of Management and Technology, ESMT",ESMT,2002年,私立,,,Jörg Rocholl,德国柏林
丹佛大学,University of Denver,DU,1864年,私立大学,综合研究型,,Rebecca Chopp,"2199 S.University Boulevard,Denver,CO"
斯威本科技大学,Swinburne University of Technology,SUT,1908年,公立大学,综合,,,澳大利亚 墨尔本
阿姆斯特丹自由大学,VU University Amsterdam,"阿自由,VUA,VU",1880年,公立大学,综合性研究型大学,2018年度最佳专业教育奖、2017荷兰最佳综合类大学,Vinod Subramaniam,De Boelelaan 1105
图尔库大学,,,1920年,公立,综合性,,,芬兰
玛卡莱斯特学院，马卡莱斯特学院，麦卡利斯特学院,Macalester College(Collegium Macalestri),MAC,1874年,私立文理学院,,,Brian Rosenberg,美国明尼苏达州明尼阿波利斯—圣保罗双城都市区
哥伦比亚大学,Columbia University in the City of New York,哥大、Columbia University,1754年,私立大学,综合研究型大学,96位诺贝尔奖、5位菲尔兹奖、3位图灵奖、39次奥斯卡奖得主,校长：李·卡罗尔·布林格 （Lee Carroll Bollinger）,"116th St &amp; Broadway, New York, NY 10027"
澳大利亚国立大学,The Australian National University,ANU、澳国立、澳洲国立大学,1946年（奠基于1910年）,国立大学,综合研究型大学,2018 U.S.News计算机科学专业世界排名第36名  2019QS世界大学学科排名，ANU人类学排名第7,校长：Brian Schmidt（布莱恩·施密特） 校监：Gareth John Evans,Canberra ACT 0200
南加利福尼亚大学（南加州大学）,University of Southern California,南加大（USC),1880年,私立,美国私立综合研究性大学,诺贝尔奖，图灵奖，普利策奖，奥斯卡奖,Carol L. Folt,"3551 Trousdale Pkwy, University Park, Los Angeles, CA"
普林斯顿大学,Princeton University,普林斯顿,1746年（丙寅年）,私立大学,综合研究型大学,68位诺贝尔奖、15位菲尔兹奖、13位图灵奖；  17枚奥运金牌，共60枚奥运奖牌（全美第15）,克里斯托弗·伊斯格鲁布,"Princeton, NJ 08544"
哈佛大学,Harvard university,哈佛、Harvard,1636年,私立大学,综合研究型大学,160位诺贝尔奖、18位菲尔兹奖、14位图灵奖   普利策奖,白乐瑞（Lawrence S. Bacow）,"Cambridge, MA"
斯坦福大学,Leland Stanford Junior University,斯坦福、Stanford,1885（成立），1891年（正式招生）,私立大学,综合研究型大学,4位普利策奖 139枚奥运金牌（全美第二）、73银牌、58铜牌,Marc Tessier-Lavigne,"450 Serra Mall, Stanford, CA 94305"
芝加哥大学,The University of Chicago,芝大，UChicago，U of C,1890年,私立研究型大学,,100位诺贝尔奖，9位菲尔兹奖，4位图灵奖；  25位普利策奖得主  5枚奥运金牌，2枚银牌，1枚铜牌,Robert J. Zimmer,美国伊利诺伊州芝加哥
博科尼大学,Bocconi University,Bocconi,1902年11月10日,私立大学,研究型大学,意大利最好的商学院 欧洲顶级商学院 最受伦敦金融城欢迎的非英国学校,Gianmario Verona,"Via Sarfatti, 25 Milano"
伦敦政治经济学院,The London School of Economics and Political Science,London School of Economics、LSE、伦敦经济学院、伦敦政经,1895年,英国公立大学,社科类研究型大学,18个诺贝尔奖得主,Craig Calhoun（校长） HRH 安妮公主（校监）,"Houghton St, Holborn, London WC2A 2AE"
法国IPAG高等商学院,Institut de Préparation à l’Administration et à la Gestion,IPAG,1965年,,商学院,,Guillaume BIGOT（校长）,尼斯、昆明、里弗赛德
耶鲁大学,Yale University,耶鲁、Yale,1701年10月9日,私立大学,研究型大学,62位诺贝尔奖、5位菲尔兹奖、3位图灵奖  50枚奥运金牌、25枚银牌、29枚铜牌,彼得·沙洛维,"New Haven, CT 06520"
鹿特丹伊拉斯姆斯大学,Erasmus University Rotterdam,鹿特丹大学，EUR,1913年,公立大学，综合性大学，研究型大学,,诺贝尔经济学奖，Spinozapremie奖,Professor Dr. Henk G. Schmidt,荷兰鹿特丹市
苏黎世大学,University of Zurich,UZH,1833年,公立大学,综合研究型,,,瑞士苏黎世
美国西北大学,Northwestern University,NU,1851年,私立研究型大学,综合,19位诺贝尔奖获得者，38位普利策奖获得者，史特拉奖,莫顿·夏皮罗奥,美国伊利诺伊州埃文斯顿（主校区）美国伊利诺伊州芝加哥（分校区）卡塔尔多哈（分校区）
奥胡斯大学,Aarhus University,AU,1928年,公立,综合性大学,,Brian Bech Nielsen,丹麦王国-日德兰半岛-奥胡斯
布朗大学,Brown University,Brown、小棕,1764年,私立大学,综合研究型大学,诺贝尔奖、图灵奖,校长：Christina Hull Paxson,"Providence, RI 02912"
鲁汶大学,Katholieke Universiteit Leuven（University of Leuven）,KU Leuven,1425年,世界顶尖大学，天主教大学，中世纪大学,,"诺贝尔奖,菲尔兹奖 2016泰晤士高等教育世界大学排名第35，比利时第一 2016USNews世界大学排名第44 路透社欧洲一流创新大学排名榜首",Luc Sels,欧洲，比利时
欧洲大学学院,European University Institute,,,高等教学和研究机构,,,,
牛津大学,University of Oxford,牛津,1096年,公立大学,综合研究型大学,72位诺贝尔奖、3位菲尔兹奖、6位图灵奖得主,路易斯·理查德森,Oxford OX1 2JD
宾夕法尼亚大学,University of Pennsylvania,宾大、UPenn、Penn,1740年,私立大学,综合研究型大学,28位诺贝尔奖、1位图灵奖、8位美国国家科学奖章得主 115位美国国家学院院士、79位美国艺术与科学学院院士、30位美国哲学学会院士等  2位美国总统、9位《独立宣言》签字者、11位美国宪法签字者,校长：艾米·古特曼,"Philadelphia, PA 19104"
米兰理工大学,Polytechnic University of Milan,米理/米兰理工/POLIMI,1863年,国立大学,理工类大学,QS排名：意大利第一位 1963诺贝尔化学奖，1990年普利兹克建筑奖1998年普利兹克建筑奖,Ferruccio Resta,"Piazza Leonardo da Vinci, 32; 20133 Milano"
密歇根大学,The University of Michigan,"UMich, U of M，Michigan",1817年9月24日,公立大学,综合性大学,唯一完成NCAA全国四项满贯的学校 美国国家海洋科研计划院校 美国太空科研计划院校,马克·施莱赛尔（Mark Schlissel）,密歇根州瓦许藤诺郡安娜堡
比利时列日大学,Université de Liège,,,,,,,
伦敦大学学院,University College London,UCL,1826年,公立大学,综合研究型大学,33名诺贝尔奖得主、3名菲尔兹奖得主,迈克尔·阿瑟（Michael Arthur）,"University College London, Gower Street, London, UK  WC1E 6BT"
加利福尼亚大学伯克利分校,"University of California, Berkeley",伯克利 、柏克莱、UC Berkeley、Berkeley、California、Cal、UCB,1868年3月23日,公立大学,综合研究型大学,107位诺贝尔奖、14位菲尔兹奖、25位图灵奖 19位普利策奖、20位奥斯卡金像奖  117枚奥运金牌（全美第四）、51银牌、39铜牌,,"Berkeley, CA"
埃塞克斯大学,University of Essex,艾大,1964年,英格兰公立研究型大学,,英国REF排名第19，泰晤士报英国排名第22,英国下议院议长Jonhn Bercow,英国，英格兰，埃塞克斯，克彻斯特
昆士兰大学,The University of Queensland,UQ,1909年,公立大学,综合性大学,,彼得·霍伊（Peter Hoj）,"圣卢西亚：St Lucia QLD 4072 加顿：Gatton, QLD 4343 赫斯顿：Mayne Medical School, Herston, QLD 4006"
密苏里科技大学,Missouri University of Science and Technology,Missouri S&amp;T,1870年,公立大学,科技技术,,,美国密苏里州
苏黎世工业大学,Eidgenössische Technische Hochschule Zürich,ETHZ,1855年,公立大学,,,Ralph Eichler,瑞士苏黎世
纽约大学阿布扎比分校,New York University Abu Dhabi,NYUAD,2010,私立研究性大学,综合,,Alfred Bloom 艾尔弗雷德·布鲁姆,萨迪雅特岛
加利福尼亚大学圣迭戈分校,"University of California, San Diego",UCSD、UC San Diego,1960年11月18日,美国公立大学,综合性研究型大学,诺贝尔奖，菲尔兹奖，普利策奖,Pradeep K. Khosla,"9500 Gilman Drive, La Jolla, CA 92093, United States"
威斯康星大学（通常指威斯康辛大学麦迪逊分校）,University of Wisconsin,,1848年,公立大学,,,,美国 威斯康星州
瑞士金融学院,Swiss Finance Institute,SFI,2006年,私立学院,,,,"Walchestrasse 9, 8006 Zürich"
加州大学圣巴尔巴拉分校（也常译作圣巴尔巴拉加州大学）,"University of California, Santa Barbara",UCSB、UC Santa Barbara,1891年,公立大学,综合,诺贝尔奖,杨祖佑  (Henry T. Yang),"UC Santa Barbara, CA 93106"
格罗宁根大学,(英) University of Groningen; (荷) Rijksuniversiteit Groningen,UG,1614年,国立大学，欧洲研究型大学,,,Prof. Sibrandes Poppema,荷兰格罗宁根市
莱斯特大学,University of Leicester,莱大,1921年,公立大学,综合型研究大学,高等教育奖、英国女王奖,,The International Liaison Officer University of Leicester Leicester LE1 7RH United Kingdom
剑桥大学,University of Cambridge,剑桥,1209年,公立大学,综合研究型大学,120位诺贝尔奖、11位菲尔兹奖、7位图灵奖得主,杜思齐(Stephen Toope),"The Old Schools, Trinity Ln, Cambridge CB2 1TN"
京都外国语大学,Kyoto University of Foreign Studies,京都外大,1947,私立大学,,,松田　武,京都府 右京区
康奈尔大学,Cornell University,Cornell、康奈尔,1865年,私立大学,综合研究型大学,58位诺贝尔奖、1位菲尔兹奖、4位图灵奖  28枚奥运金牌、19银、8铜，（全美第17）  4位普利策奖,Martha E. Pollack,"伊萨卡市：Ithaca, NY 14850 纽约市：570 Lexington, 570 Lexington Ave., Manhattan 卡塔尔：Weill Cornell Medicine - QatarQatar Foundation - Education City,P.O. Box 24144 Doha"
纽约大学,New York University,NYU、纽大,1831年4月18日（辛卯年）,私立大学,综合研究型大学,37位诺贝尔奖得主、30余位奥斯卡金像奖得主、30余位普利策奖得主,安迪· 大卫·汉米尔顿 （Andrew David Hamilton）,"曼哈顿：New York, NY 10003 布鲁克林：370 Jay St, Brooklyn, NY 11201 阿联酋：Saadiyat Marina District - Abu Dhabi 中国：上海市浦东新区世纪大道1555号"
慕尼黑大学,Ludwig-Maximilians-UniversitätMünchen,LMU,1472年,世界一流大学,,诺贝尔奖、菲尔兹奖,伯恩特·胡伯教授,巴伐利亚州慕尼黑
约翰斯·霍普金斯大学,The Johns Hopkins University,JHU、Hopkins,1876年（丙子年）,私立大学,综合研究型大学,,Ronald J. Daniels,"巴尔的摩：3400 N. Charles Street Baltimore 华盛顿：1740 Massachusetts Ave., N.W. Washington, D.C"
伦敦商学院,London Business School,LBS,1964,公立商学院,,,,英国，伦敦
加州理工学院,California Institute of Technology,加州理工、Caltech,1891年,私立大学,理工研究型大学,6位图灵奖得主（世界第9）  4位菲尔兹奖得主（世界第16）,校长：Thomas F. Rosenbaum,
加利福尼亚大学洛杉矶分校,"University of California, Los Angeles",UCLA,1919年5月23日,,美国公立研究型大学,,Gene D. Block,"Westwood, Los Angeles, CA 90095, United States"
以色列特拉维夫大学,Tel Aviv University,TAU,1956年,国立大学,,,Prof. Joseph Klafter,特拉维夫
斯德哥尔摩大学,Stockholm University/Stockholms universitet,SU,1878年（戊寅年）,国立大学,,,,瑞典斯德哥尔摩
埃默里大学,Emory University,Emory,1836年,私立研究型大学,综合私立研究型,,Claire E. Sterk,"1380 Oxford Rd NE Atlanta, GA 30322"
查普曼大学,Chapman University,,1861,私立非盈利,综合性大学,,James L. Doti,美国 加利福尼亚州 橙市（橘子郡）
科隆大学,Universität zu Köln,University of Cologne (UoC),1388,综合文理大学,,诺贝尔奖，莱布尼茨奖,Axel Freimuth,德国科隆
博科尼大学,Bocconi University,Bocconi,1902年11月10日,私立大学,研究型大学,意大利最好的商学院 欧洲顶级商学院 最受伦敦金融城欢迎的非英国学校,Gianmario Verona,"Via Sarfatti, 25 Milano"
巴黎综合理工大学,École Polytechnique,X,1794年,精英工程师学院,,,Jacque Biot（主席），Yves Demay将军（首席长官）,巴黎帕莱索
鲁汶大学,Catholic University of Louvain,KU Leuven,1425年,世界一流大学，天主教大学，中世纪大学,顶尖研究型,,,比利时
圣加伦大学,University of St.Gallen (HSG),HSG,1898年5月25日,公立大学,综合性大学,,,"Dufourstrasse 50, CH-9000 St.Gallen"
巴黎政治学院,Institut d'Etudes Politiques de Paris,Sciences Po Paris、巴政,1872年,公立大学,社会科学,,Frédéric Mion（弗雷德里克·弥雍）,"27 Rue Saint-Guillaume, 75007 Paris"
不列颠哥伦比亚大学,University of British Columbia,UBC,1908年（1915年首次招生）,公立大学,综合研究型大学,8位诺贝尔奖得主、71位罗德学者  266位加拿大皇家学会成员,校长：Santa Ono,"温哥华校区：The University of British Columbia 2329 West Mall Vancouver，BC Canada V6T 1Z4 奥肯那根校区：3333 University Way，Kelowna, BC Canada V1V 1V7"
柏林自由大学,Freie Universität Berlin（德文） Free University of Berlin（英文）,FU Berlin,1948年,公立大学,德国精英大学、德国U15大学联盟成员,诺贝尔奖、莱布尼兹奖,Günter M. Ziegler（校长，2018年5月2日起）,德国柏林
华威大学,University of Warwick,华威、UoW,1965年,英国公立大学,综合研究型大学,2009年女王周年纪念奖 2014-2015 英国年度大学 菲尔兹奖、诺贝尔奖、图灵奖,Stuart Croft,Coventry CV4 7AL
多伦多大学,University of Toronto,U of T、UToronto,1827年,公立大学,综合研究型大学,诺贝尔奖（10位） 图灵奖（5位） 加拿大总督（2位） 加拿大总理（4位） 最高法院大法官（14位）,Meric Gertler（校长）,"圣乔治：27 King's College Cir, Toronto, ON M5S 1A1 士嘉堡：1265 Military Trail, Scarborough, ON M1C 1A4 密西沙加：3359 Mississauga Rd, Mississauga, ON L5L 1C6"
印第安那大学艺术科学学院,Indiana University,,1820年,,,,,美国
普渡大学,Purdue University,Purdue／普渡／PU,1869年,公立综合类研究型大学,,诺贝尔奖，普利策奖 美国青年科学家总统奖 美国工程院戈登奖，美国技术和创新奖,Mitchell E. Daniels Jr.,美国印第安纳州，西拉法叶市
罗切斯特大学,University of Rochester,U of R,1850年,私立大学,综合研究型大学,,Sarah Mangelsdorf,纽约州罗切斯特市
哥本哈根大学,University of Copenhagen,UCPH(通用); KU(丹麦语),1479年,公立,综合性大学,,Henrik C. Wegener,首都大区 哥本哈根
威廉姆斯学院,Williams College,,1793年,私立学院,文理学院,,校长：Adam Falk,"880 Main St, Williamstown, MA 01267"
伊利诺伊大学厄巴纳-香槟分校,University of Illinois at Urbana-Champaign,UIUC,1867年,公立大学、综合性大学、研究型大学,综合,校友及教授获诺贝尔奖30个、普利策奖25个,Robert J. Jones,"Urbana-Champaign, Illinois"
怀卡托大学,The University of Waikato,,1964年,公立大学,,,,新西兰哈密尔顿和陶朗阿
里斯本大学,University of Lisbon,ULisboa,1288年,公立大学,综合研究型,ARWU排名：葡萄牙第一位   欧洲规模最大的综合大学之一,安东尼奥·克鲁斯,"Alameda da Universidade, Cidade Universitária, 1649-004 Lisboa"
日内瓦大学,,UNIGE,1559年,公立大学,综合,,Jean-Dominique Vassalli,瑞士日内瓦州
欧洲工商管理学院,INSEAD,,1957年,私立商学院,工商管理,,Ilian Mihov,法国枫丹白露（临近巴黎）亚洲新加坡及阿布扎比
澳大利亚国立大学商学院,,,,,,,,
阿尔伯特-路德维希-弗莱堡大学,Albert-Ludwigs-Universität Freiburg（德）,弗莱堡大学,1457年,公立大学,综合性大学,诺贝尔奖、莱布尼茨奖等,汉斯-佑亨-施维尔,"德国,巴登-符腾堡州,弗赖堡市"
巴德学院,Bard College,,1860年,私立文理学院/Liberal Arts College,综合,,Leon Botstein,美国纽约州哈德逊河畔安南戴尔
威尼斯大学,Cafoscari University of Venice,威尼斯大学，威大，UNIVE,1868年,公立大学,综合大学,,Michele Bugliesi,威尼托大区威尼斯省
伯明翰大学,University of Birmingham,UoB、伯大,1825年,英国公立大学,综合研究型大学,2017 TEF英国大学教学排名3位 11位诺贝尔奖得主,校长Professor David Eastwood 校监Lord Bilimoria,"爱居巴斯顿：Edgbaston Birmingham B15 2TT 赛利橡树：Weoley Park Rd, Hamilton Drive, Birmingham B29 6QW 迪拜：University of Birmingham DubaiBlock 2Dubai International Academic CityPO Box 341799"
亚利桑那大学,The University of Arizona,UA,1885年,公立研究型大学,综合,诺贝尔奖、普利策奖等,Dr.Ann Weaver Hart,"1212 E University Tucson, AZ 85621"
柏林自由大学,Freie Universität Berlin（德文） Free University of Berlin（英文）,FU Berlin,1948年,公立大学,德国精英大学、德国U15大学联盟成员,诺贝尔奖、莱布尼兹奖,Günter M. Ziegler（校长，2018年5月2日起）,德国柏林
蒂尔堡大学,Tilburg University,UvT,1927年,公立研究型大学,社科类综合院校,,E.H.L(Emile) Aarts,荷兰蒂尔堡
布鲁塞尔自由大学,Université Libre de Bruxelles；Universiteit Brussel,ULB；VUB,1834/1970,公立大学,综合,共有四名校友获得“诺贝尔奖”；物理学普利高津学派发源地,Eric De Keuleneer,比利时布鲁塞尔
博洛尼亚大学,Università di Bologna,Unibo,1088年,公立大学,,诺贝尔奖，世界第一所大学（大学之母）等,Francesco Ubertini,意大利博洛尼亚
宾夕法尼亚州立大学,The Pennsylvania State University,宾州州立/Penn State/PSU,1855年2月22日,公立大学,综合研究型大学,诺贝尔奖，菲尔茨奖，普利策奖，麦克阿瑟天才奖,Dr. Eric J. Barron（2014年5月12日正式担任第18任校长）,"201 Old Main, University Park, PA, USA"
特拉华大学,University of Delaware,UD或UDel,1743年,公立研究型大学,综合,诺贝尔奖,,"University of Delaware, Newark, Delaware 19716"
佐治亚州立大学,Georgia State University,GSU,1913年,公立研究型大学,综合,,,"PO Box 3965 Atlanta, GA 30302-3965"
加利福尼亚大学戴维斯分校,"University of California, Davis",UC Davis,1905年,美国公立大学,综合性研究型大学,"诺贝尔奖，菲尔兹奖，普利策奖，阿尔伯特·爱因斯坦世界科学奖 美国""青年科学家总统奖""，国家科学奖章 世界粮食奖，沃尔夫农业奖，世界农业奖",Gary Stephen May,"One Shield Avenue, Davis, CA, 95616"
康涅狄格大学,University of Connecticut,UCONN,1881,公立研究型大学,综合研究型大学,诺贝尔奖、普利策奖,Thomas C. Katsouleas,美国康涅狄格州曼斯菲尔德市斯托尔斯镇
圣母大学,The University of Notre Dame,ND,1842年11月26日,私立大学,综合大学,2位诺贝尔奖,John Jenkins,"Notre Dame, IN 46556(574) 631-5000"
国际社会科学自由大学,Libera Università Internazionale degli Studi Sociali Guido Carli,LUISS Guido Carli,1966年,私立大学,商学院,2013年意大利Censis排名中该校政治科学排第一，法律和商科第二。,Emma Marcegaglia,意大利罗马市
布宜诺斯艾利斯大学,Universidad de Buenos Aires，UBA,,1821年8月12日,公立大学,综合,,Dr. Alberto Barbieri,阿根廷布宜诺斯艾利斯
苑学品大学,Högskolan i Jönköping,,1977年,私立,,,,瑞典
布里斯托大学,University of Bristol,布大,1876（丙子年）,公立大学,综合研究型大学,13位诺贝尔奖得主,校长：Professor Hugh Brady 校监：保罗·纳斯爵士,
莫德纳和勒佐艾米利亚大学,Università di Modena e Reggio Emilia,,1175年,,,,,意大利艾米利亚-罗马涅大区
杜伦大学,Durham University,Durham,源于1072年，1832年正式创建,英国公立大学,综合研究型大学,科普利奖章、坦普尔顿奖等,Stuart Corbridge 托马斯•艾伦 爵士,
新加坡管理大学,Singapore Management University,SMU、新大,2000年,公立大学,财经类院校,AMBA、EQUIS、AACSB三大国际商学院认证,迪枚晔教授,81 Victoria Street
迪肯大学,Deakin University,DKU、迪肯,1974年,公立大学,综合类大学,,珍妮霍兰德 Jane den Hollander,"Geelong Waurn Ponds：75 Pigdons Road, Waurn Ponds, Victoria 3216 Geelong Waterfront：1 Gheringhap Street, Geelong, Victoria 3220 Warrnambool：Princes Highway, Warrnambool, Victoria 3280"
杜克大学,Duke University,Blue Devil,,私立大学,综合研究型大学,ESPN全美最佳篮球名校  12位诺贝尔奖、3位图灵奖,校长：Vincent E. Price,中国：江苏省苏州市昆山市杜克大道8号
伦敦玛丽女王大学,Queen Mary University of London,QMUL、Queen Mary,1887年,公立大学,综合研究型大学,9位诺贝尔奖得主,校长：Colin Bailey 校监：安妮公主,"Mile End Rd, Bethnal Green, London E1 4NS"
兰卡斯特大学,Lancaster University,兰卡,1964年,公立大学,,最具性价比大学 最佳大学宿舍 最佳英格兰西北部大学 AACSB、AMBA和EQUIS三重认证商学院,Alan Milburn,英国英格兰兰开夏郡
布达佩斯考文纽斯大学,Corvinus University of Budapest,BCE（匈文缩写）或CUB（英文缩写）,1853年,公立大学,综合,,Prof. Dr. András Lánczi,匈牙利布达佩斯
新加坡国立大学,National University of Singapore,NUS,1905年,公立大学,,,陈永财,新加坡
美利坚大学,American University,AU,1893年,私立大学,文理,,Sylvia Mathews Burwell,"4400 Massachusetts Avenue NW, Washington, DC 20016"
里斯本大学,University of Lisbon,ULisboa,1288年,公立大学,综合研究型,ARWU排名：葡萄牙第一位   欧洲规模最大的综合大学之一,安东尼奥·克鲁斯,"Alameda da Universidade, Cidade Universitária, 1649-004 Lisboa"
哥德堡大学,University of Gothenburg,GU,1891,公立大学,,,Pam Fredman,瑞典哥德堡
都灵大学,University of Torino，University of Turin,Unito,1404年,世界著名大学,综合,,Gianmaria Ajani,"Via Verdi, 8 - 10124 Torino"
印第安纳大学伯明顿分校,Indiana University Bloomington,IUB,1820年,公立研究型大学,综合性大学,诺贝尔奖、普利策奖等荣誉,,印第安纳州
北卡罗来纳州立大学,North Carolina State University,"NCSU, NC State",1887年3月7日,公立研究型大学,,,"William Randolph ""Randy"" Woodson",美国北卡罗来纳州罗利市
纽约市立大学，纽约城市大学,The City University of New York,CUNY,1847年,公立大学,,14位诺贝尔奖得主 数位菲尔兹奖得主 数位普利策奖得主 二位美国国务卿,,美国，纽约市
伦敦国王学院,King's College London,King's、KCL,1829年（旗下医学院创建于1550年）,英国公立大学,综合研究型学院,12个诺贝尔奖,校长 爱德华·拜恩  校监 HRH 安妮公主 校委会主席 威灵顿公爵九世,"Strand, London WC2R 2LS"
维也纳工业大学,Vienna University of Technology,维也纳工大或维也纳技术大学,1815,国家级公立大学,理工大学,,Sabine Seidler,奥地利，维也纳
新学院,The New School,,,私立研究型大学,,,,
奥地利大学,University of Austria,,,,,,,奥地利
林登沃德大学,Lindenwood University,,,,,,,
乔治·华盛顿大学,George Washington University,GWU,1821年,私立大学，综合研究型大学,综合性研究型大学,诺贝尔奖 普利策奖 世界诞生千万富翁的数量的高校TOP100 美国东北部最佳大学 Most Popular Study Abroad Program,Thomas J. LeBlanc,美国华盛顿哥伦比亚特区
蒙彼利埃高等商学院,Montpellier Business School,MBS/蒙彼利埃高商,1897年,Grande école（高等精英商学院）,商学院,法国十大商学院（PARISIEN/LEPOINT） 欧洲商学院TOP50（FT） 世界百大商学院排名第71位（QS） 世界硕士专业排名：管理学第32位（FT） 世界硕士专业排名：营销学第46位、金融学第95位（QS）,Bruno Ducasse,"23000 Avenue des Moulins34185 Montpellier,Cedex 4, France"
乔治梅森大学,George Mason University,GMU或Mason,1954年,公立研究型大学,,诺贝尔经济学奖，普利策奖，富布莱特法案基金、国家自然科学基金,Ángel Cabrera,"4400 University Drive,Fairfax,VA 22030,U.S.A."
都柏林圣三一大学、都柏林大学三一学院、都柏林三一学院,"Trinity College Dublin, The University of Dublin",Trinity College Dublin (TCD),1592年,公立大学,综合研究型大学,四位诺贝尔奖得主 爱尔兰首位总统,玛丽·罗宾逊,"College Green, Dublin 2"
智利大学,,,1843年,,,,,智利 圣地亚哥
柏林赫尔梯行政学院,Hertie School of Governance,HSOG,2003年,私立,,,,德国
爱荷华州立大学,Iowa State University / Iowa State Universityof Science and Technology,ISU,1862年,公立研究型大学,综合大学,诺贝尔奖；普利兹奖,Steven Leath,"100 Alumni Hall Ames, IO 50011"
肯塔基大学,University of Kentucky,UK,1865年,公立研究型大学,综合,诺贝尔奖,Eli Capilouto,"University of Kentucky, Lexington, Kentucky 40506-0003"
拉瓦尔大学,Université Laval,UL,1663年,公立大学,研究型综合性大学（含医学院）,,Sophie D'Amours,2255 Rue de l'universite
柏林行政管理和司法应用技术大学,Fachhochschule für Verwaltung und Rechtspflege Berlin,,2009年,公立,,,,德国
德国公立大学,Universität,,,,,,,
马格德堡大学,Otto von Guericke University Magdeburg,OVGU,1993年,公立大学,综合,,Jens Strackeljan教授,Universitätsplatz 2 39106 Magdeburg
波鸿鲁尔大学,"Ruhr-Universität, Bochum",RUB,1962年,公立大学,研究型综合大学,德国莱布尼茨奖,舍尔梅里希教授,德国波鸿
斯威本科技大学,Swinburne University of Technology,SUT,1908年,公立大学,综合,,,澳大利亚 墨尔本
阿姆斯特丹大学,Universiteit van Amsterdam,UvA,1632,国立大学,,6名诺贝尔奖得主,Prof. Geert ten Dam,荷兰阿姆斯特丹
俄罗斯国立高等经济学院（官方翻译：俄罗斯国家研究型高等经济大学）,National Research University - Higher School of Economics,НИУ ВШЭ (HSE University),1992年11月,国家研究型大学,,2018/19 QS世界大学排名：343（俄罗斯第8名） 2018/19 年轻大学排名：84   2018/19 QS世界大学学科排名：社会学 51-100（俄罗斯第1名）,Yaroslav Kuzminov,俄罗斯莫斯科
大阪大学,日文平假名：おおさかだいがく,阪大（はんだい）,1931年,国立大学，日本国内七所旧帝国大学之一,,1949年诺贝尔物理学奖  沃尔夫奖 拉斯克奖 日本文化勋章等,西尾章治郎,日本
巴斯大学,University of Bath,,1966年,,,2011-2012 英国年度大学 2014-2015 泰晤士英国高等大学排名第10名 2013-2014 经济学人全球商学院第20名 2014年 FT全球商学院MBA第84名,爱德华王子,Claverton Down，Bath，UK，BA2 7AY
瓦格宁根大学,Wageningen University,,1876年,,理工,,,荷兰
柏林工业大学,Technische Universitaet Berlin,TUB,1770年,公立大学,,诺贝尔奖，莱布尼茨奖，普利兹克奖,库特·库茨勒,德国柏林
弗吉尼亚大学,University of Virginia,UVa,1819年,公立研究型大学,,世界上出色的工商管理教师队伍,詹姆斯·赖恩（James E. Ryan）,美国弗吉尼亚州夏洛茨维尔
圣安德鲁斯大学,University of St Andrews,St Andrews、St And（拉丁文简写）,1410年至1413年,公立大学,研究型综合大学,重点突出 诺贝尔奖；英国苏格兰年度大学；人文科全世界第33,Prof. Sally Mapstone,英国苏格兰法夫 圣安德鲁斯
南卫理公会大学,Southern Methodist University,SMU,1911年,私立大学,,诺贝尔奖  普利策奖,,得克萨斯州达拉斯市
塔夫茨大学,Tufts University,,1852年,私立非盈利,,,Anthony P. Monaco,梅德福，马萨诸塞州，美国
爱荷华大学,The University of Iowa,爱大,1847年2月25日,公立研究型大学,综合,普利策奖,Bruce Harreld,美国爱荷华州(Iowa)
牛津大学,University of Oxford,牛津,1096年,公立大学,综合研究型大学,72位诺贝尔奖、3位菲尔兹奖、6位图灵奖得主,路易斯·理查德森,Oxford OX1 2JD
洛桑大学,Université de Lausanne,UNIL,1537年,公立大学,综合,,,洛桑
东北大学,Northeastern University,NEU,1898年,私立研究型大学,世界一流大学,普利策奖，古根海姆奖,Joseph E.Aoun,"360 Huntington Avenue, 200 Kerr Hall, Boston, MA 02115"
一桥大学,Hitotsubashi University,一桥,1875年,,国立大学,,蓼沼宏一,东京国立市中2丁目1番地
波尔图大学,University of Porto,,1911年3月22日,公立大学,,,,葡萄牙
南加利福尼亚大学（南加州大学）,University of Southern California,南加大（USC),1880年,私立,美国私立综合研究性大学,诺贝尔奖，图灵奖，普利策奖，奥斯卡奖,Carol L. Folt,"3551 Trousdale Pkwy, University Park, Los Angeles, CA"
西弗吉尼亚大学,West Virginia University,WVU,1867年,,,,,美国西弗吉尼亚州
加州州立理工大学,California Polytechnic State University,Cal Poly,1901年,美国公立研究型大学,综合，理工,,Jeffrey Armstrong,"San Luis Obispo, California, U.S."
鲁汶大学,Katholieke Universiteit Leuven（University of Leuven）,KU Leuven,1425年,世界顶尖大学，天主教大学，中世纪大学,,"诺贝尔奖,菲尔兹奖 2016泰晤士高等教育世界大学排名第35，比利时第一 2016USNews世界大学排名第44 路透社欧洲一流创新大学排名榜首",Luc Sels,欧洲，比利时
东京理科大学,Tokyo University of Science,东理、理科大,1881年,私立大学,理工类综合性大学,2015年诺贝尔生理学或医学奖,藤嶋昭,東京都新宿区神楽坂1-3
克莱蒙特·麦肯纳学院,Claremont McKenna College,CMC,1946年,私立高校,文理学院,,Hiram Chodosh（校长）,"888 N Columbia Ave, Claremont, CA 91711"
阿姆斯特丹大学,Universiteit van Amsterdam,UvA,1632,国立大学,,6名诺贝尔奖得主,Prof. Geert ten Dam,荷兰阿姆斯特丹
蒙特利尔大学,Université de Montréal,,1878年,公立大学,综合性大学,,,加拿大魁北克省
伦敦大学伯贝克学院,"Birkbeck, University Of London",BBK,1823年,公立大学,,,Joan Bakewell勋爵,"Bloomsbury, London,United Kindom"
鲁普莱希特-卡尔斯-海德堡大学,Ruprecht-Karls—Universitaet Heidelberg,海德堡大学,1386年,公立大学,,诺贝尔奖、莱布尼茨奖,伯恩哈特·艾尔特,德国 巴登-符腾堡州海德堡
米尼奥大学,Universidade do Minho,,1973年,综合性院校,,,,
阿拉巴马大学,The University of Alabama,UA,1831年,公立研究型大学,综合,普利策奖,Judy Bonner,美国亚拉巴马州（Tuscaloosa）
艾克斯－马赛大学,Aix-Marseille Université,AMU,1406年,公立,综合,,Yvon Berland,法国
约克大学,University of York,York,1963年,英国公立大学,综合研究型大学,,校长：认知心理学家科恩.兰贝茨（Koen Lamberts）,"Heslington, York YO10 5DD"
巴黎第三大学/新索邦大学,Université Sorbonne Nouvelle - Paris 3,巴黎第三大学,1970年,公立大学,综合大学,,,法国巴黎
那不勒斯费德里克二世大学,Università degli studi di Napoli Federico II,,1224年,,,,,
加利福尼亚大学洛杉矶分校,"University of California, Los Angeles",UCLA,1919年5月23日,,美国公立研究型大学,,Gene D. Block,"Westwood, Los Angeles, CA 90095, United States"
都灵大学,University of Torino，University of Turin,Unito,1404年,世界著名大学,综合,,Gianmaria Ajani,"Via Verdi, 8 - 10124 Torino"
卡尚高等师范学校,École Normale Supérieure de Cachan,ENS Cachan,1912年,法国大学校,综合,,Pierre-Paul Zalio,法国
雪城大学（又名锡拉丘兹大学）,Syracuse University,SU,1870年,私立研究型大学,美国一级国家级大学,,Kent Syverud,美国纽约州雪城
法兰克福歌德大学,Johann Wolfgang Goethe-Universität Frankfurt am Main（德文）Goethe University Frankfurt（英文）,法兰克福大学、歌德大学,1914年10月18日,公立大学,,诺贝尔获奖人数18 精英计划中的精英集群（数量全德第2） 德国U15名校联盟成员,Prof. Birgitta Wolff,德国法兰克福
达特茅斯学院,Dartmouth College,,1769年12月13日,私立研究型大学,综合,3位诺贝尔奖,菲尔·汉伦,新罕布什尔州汉诺威
乌得勒支大学,Utrecht University (Dutch: Universiteit Utrecht),UU,1636年3月26日,世界一流大学，公立研究型大学,,12位诺贝尔奖 15位斯宾诺莎奖,Bert van der Zwaan,荷兰乌特勒支市
米兰大学,The University of Milan,UNIV MILAN,1924年,公立大学,国立综合大学,,,意大利米兰
斯洛伐克农业大学,Slovenská poľnohospodárska univerzita v Nitre（斯洛伐克语）,,,公立高校,,,,
圣若瑟大学,University of Saint Joseph,,1996年,私立,,,,
本特利大学,Bentley University,,1917年,私立大学,,,Alison Davis-Black,
维多利亚大学,University of Victoria,维大，UVic,1963年,综合类,大学,,Jamie Cassels,加拿大
斯德哥尔摩经济学院,Stockholm School of Economics,SSE,1909年,私立,经济类院校,诺贝尔经济学奖,Lars Strannegård,斯德哥尔摩
不来梅艺术学院,Hochschule für Künste Bremen,HfK Bremen,1873年,公立大学,,,Prof. Dr. Herbert Grüner,德国不来梅州
得克萨斯理工大学,Texas Tech Uni,,,,,,,
罗马圣玛丽亚自由大学,Libera Università “Maria SS.Assunta”LUMSA ROMA,,1939年,非国立,,,,意大利
马丁路德·哈勒维腾贝格大学,Martin-Luther-Universität Halle-Wittenberg,Uni-Halle/MLU,1502年,国立大学,综合,诺贝尔物理学奖、化学奖、医学奖等,Udo Sträter,德国萨克森安哈尔特州
洛约拉马利蒙特大学,Loyola Marymount University,马利蒙特大,1911年,私立天主教耶稣会大学,,,,美国加利福尼亚州
缅因大学肯特堡分校,,,1878年,,公立的文科大学,,,缅因州肯特堡
明尼苏达大学,University of Minnesota,"U of M, UMN",1851年,公立研究型大学,综合,诺贝尔经济学奖 诺贝尔物理学奖 诺贝尔化学奖,Eric W. Kaler,美国明尼苏达州
伊利诺伊大学芝加哥分校,the University of Illinois at Chicago,UIC,1982年,公立研究型大学,综合,,Michael D. Amiridis,"1200 West Harrison St., Chicago, Illinois60607"
雷恩第一大学,Université de Rennes 1,,1461年,,综合性大学,,David Alis,布列塔尼大区的首府雷恩
马里兰大学,"University of Maryland, College Park",UMD或UMCP,1856年,公立研究型大学,,诺贝尔奖、普利策奖、菲尔兹奖、德雷珀奖,Wallace Loh (陆道逵),美国华盛顿特区城市圈
香港科技大学,The Hong Kong University of Science and Technology,港科大（HKUST）,1991年10月,公立大学,综合,2017年国家自然科学奖一等奖 2011-2013年QS亚洲大学排名第1 2018-2019年泰晤士高等教育全球年轻大学排名第1 2016-2018年金融时报EMBA课程排名全球第1 2016年金融时报MBA课程排名亚洲第1,史维,香港九龙清水湾
中东理工大学,Orta Doğu Teknik Üniversitesi,,,,,,,土耳其共和国
瑞典皇家理工学院,KTH Royal Institute of Technology,KTH,1827年（丁亥年）,公立大学,,Hannes Alfvén诺贝尔物理学奖 Lennart Carleson阿贝尔奖,Sigbritt Karlsson教授,瑞典斯德哥尔摩
朱拉隆功大学,Chulalongkorn University；จุฬาลงกรณ์มหาวิทยาลัย,朱拉；จุฬาฯ / CU,1917年3月26日,公立大学,,,Pirom Kamolratanakul,泰国曼谷
格里菲斯大学,Griffith University,格大；GU,1971年,公立大学,综合,,Henry Smerdon AM,"170 Kessels Road, Nathan Qld 4111, Australia"
莱斯大学,Rice University,Rice,1891年,私立研究型大学,综合性大学,3位诺贝尔奖、普利策奖,David W. Leebron,6100 Main Street
肯特州立大学,Kent State University,,1910年,公立大学,综合,,Dr Beverly Warren,美国俄亥俄州
波士顿学院,Boston College,BC,1863年,私立,综合性大学,奥斯卡奖、金球奖、艾美奖、普利策奖,"William P. Leahy, SJ",美国马萨诸塞州波士顿西郊栗树山
威尼斯大学,Cafoscari University of Venice,威尼斯大学，威大，UNIVE,1868年,公立大学,综合大学,,Michele Bugliesi,威尼托大区威尼斯省
洛桑联邦综合技术大学,,,,,,,,
卡尔顿大学,Carleton University,CU,1942,公立大学,,,Dr. Benoit-Antoine Bacon,加拿大渥太华
乔治城大学,Georgetown University,"GT,GU",1789年,天主教耶稣会大学,,“政治家摇篮”“外交家摇篮”,,华盛顿特区
波尔多大学,Université de Bordeaux,,1441年、1896年（重建）,公立大学,,,,法国波尔多
加州大学河滨分校,"University of California, Riverside",UCR、UC Riverside,1954年,公立大学,综合性研究大学,诺贝尔奖，普利策奖,Kim A. Wilcox,"900 University Avenue, Riverside, CA 92521, United States"
巴伦西亚大学,Universidad de Valencia,,1499年,,,,Dr. Esteban Morcillo,"CALLE BLASCO IBANEZ,13"
俄亥俄州立大学,The Ohio State University,Ohio State、OSU,1870年,公立研究型大学,,诺贝尔奖 普利策奖 沃尔夫奖 昂萨格奖,Michael Drake,美国 俄亥俄州首府 哥伦布市
乐卓博⼤学,La Trobe University,LTU,1967,公立,综合性,,,澳大利亚联邦 维多利亚州 墨尔本
悉尼科技大学,University of Technology Sydney,悉尼科大 UTS,1988年,公立大学,,2019-2020年QS全球大学排名位列全球第140位 2016年QS世界年轻大学（建校50年以内）全球排名第8，澳洲排名第1 2017年位列泰晤士高等教育建校50年以下大学中排名第15位,Professor Attila Brung,澳大利亚 新南威尔士州 悉尼
密歇根州立大学,Michigan State University,MSU,1855年2月12日,公立研究型大学,美国国家一级大学,,Lou Anna K. Simon,"Michigan State University East Lansing, MI 48824"
法兰西公学院,Le Collège de France,,1530年,学术机构,,,,法国
哥本哈根商学院,Copenhagen Business School,,,,,,,
夏威夷大学马诺阿分校,University of Hawaii at Manoa,,1907年,公立，男女合校,,,,夏威夷州檀香山市区
威特沃特斯兰德大学,"The University of the Witwatersrand, Johannesburg",,,,,,,
马德里卡洛斯三世大学,Universidad Carlos III de Madrid,UC3M,1989,公立大学,综合,企业管理、经济专业排名全国第一，法律专业全国第二,Juan Romo,西班牙
达姆施塔特应用科技大学,HochschuleDarmstadt University of Applied Sciences,,,,,,,德国黑森州达姆施塔特市
米兰天主教圣心大学,Università Cattolica del Sacro Cuore,天主教圣心大学、圣心大学、Cattolica、UCSC,1921年,私立学校,综合类,,Prof. Franco Anelli,米兰、罗马、布雷西亚、皮亚琴察-克雷莫纳
洛桑大学,Université de Lausanne,UNIL,1537年,公立大学,综合,,,洛桑
得克萨斯大学奥斯汀分校,University of Texas at Austin,得州大学、UT、UT-Austin,1883年,公立大学,综合研究型大学,诺贝尔奖、普利策奖、图灵奖、国家科学奖章等,校长：Gregory L. Fenves,"110 Inner Campus Drive，Austin, TX 78705"
奥斯陆大学,Universitetet i Oslo,UiO,1811年,公立研究型大学,,诺贝尔奖、菲尔兹奖、图灵奖、阿贝尔奖等,Ole Petter Ottersen,奥斯陆
肯特大学,University of Kent,UKC,1965年,公立大学,综合大学,,Professor Dame Julia Goodfellow,"Giles Ln, Canterbury CT2 7NZ"
马德里康普顿斯大学,Universidad Complutense,UCM,1499,公立大学,综合,,Joaquín Goyache,西班牙Madrid
巴黎第十一大学（巴黎南大学）,Université Paris-Sud,Paris-Sud; Paris XI,1970年1月1日,顶尖公立大学,综合研究型大学,诺贝尔奖、菲尔兹奖等奖项,Sylvie Retailleau 教授,法国 大巴黎地区
蒂尔堡大学,Tilburg University,UvT,1927年,公立研究型大学,社科类综合院校,,E.H.L(Emile) Aarts,荷兰蒂尔堡
墨西哥国立自治大学,,墨国大,1551年,公立大学,综合,,何塞·纳罗·罗夫莱斯（José Narro Robles）,墨西哥
荷语布鲁塞尔自由大学,Vrije Universiteit Brussel,VUB,1834年,,,,,法国布鲁塞尔首都大区
鹿特丹伊拉斯姆斯大学,Erasmus University Rotterdam,鹿特丹大学，EUR,1913年,公立大学，综合性大学，研究型大学,,诺贝尔经济学奖，Spinozapremie奖,Professor Dr. Henk G. Schmidt,荷兰鹿特丹市
阿伯丁大学,University of Aberdeen,AU,1495,英国公立大学,综合研究型大学,,伊恩·戴蒙德 (Ian Diamond),英国，苏格兰，阿伯丁市
华沙中央商学院,,,,,,,,
卑尔根大学,Universitetet i Bergen,UIB,1946年,公立,综合,,Sigmund Grønmo,挪威，卑尔根
莱比锡大学,Universität Leipzig,,1409年,公立大学,综合,,,德国莱比锡
瑞士伯尔尼大学,Universität Bern,,,,,,,
格拉斯哥大学,University of Glasgow,格大,1451年,英国公立大学,综合研究型大学,2013年英国女王周年纪念奖 2014年泰晤士报年度大学 2015先驱报高等教育奖“年度最佳大学” 2018年泰晤士报苏格兰年度大学 7位诺贝尔奖得主,校长：Anton Muscatelli 校监：Aamer Anwar,"University Ave, Glasgow G12 8QQ"
格林威治大学,University of Greenwich,,1890年,公立大学,综合,,Professor David Maguire,英国伦敦
霍恩海姆大学,University of  Hohenheim,,1818年,公立大学,,,Stephan Dabbert,"Plieningen,70599  Stuttgart,Baden-Württemberg,Deutschland"
阿德莱德大学,The University of Adelaide,,1874年,公立大学,综合研究型大学,,Prof. Peter Rathjen,
博科尼大学,Bocconi University,Bocconi,1902年11月10日,私立大学,研究型大学,意大利最好的商学院 欧洲顶级商学院 最受伦敦金融城欢迎的非英国学校,Gianmario Verona,"Via Sarfatti, 25 Milano"
巴黎第一大学,Université de Paris I （Panthéon-Sorbonne）,巴黎一大,1971年,公立大学,综合,8位诺贝尔奖获得者,Georges Haddad,法国 法兰西岛大区
贝尔加莫大学,,Università degli Studi di Bergamo,1968年,,,,,伦巴第大区
雷根斯堡大学,Universität Regensburg,,1962年,,,,,德国雷根斯堡
旧金山大学,University of San Francisco,USF,1855年,私立天主教大学,,《华尔街日报》世界前100商学院 NICHE美国大学地理位置排名：#1 《福布斯》最具企业家精神前20,斯蒂芬牧师,美国加利福尼亚州
朴次茅斯大学,University of Portsmouth,,1869年,公立大学,综合,商学院是世界MBA协会正式成员 泰晤士报英国现代化大学评选第五 欧洲大学协会成员,桑蒂·图克斯威格,英国朴次茅斯
岭东科技大学,Ling Tung University,岭东科大,1964年,私立大学,综合类,,赵志扬,台中市南屯区408岭东路1号
查理大学,Charles University in Prague,,,,国立研究型,,,
汉堡大学,Universität Hamburg,UHH,1919年3月28日,公立大学,综合,,Prof. Dr. Dieter Lenzen,德国汉堡市
哈佛大学,Harvard university,哈佛、Harvard,1636年,私立大学,综合研究型大学,160位诺贝尔奖、18位菲尔兹奖、14位图灵奖   普利策奖,白乐瑞（Lawrence S. Bacow）,"Cambridge, MA"
帝国理工学院,Imperial College London,Imperial、IC、帝国理工,1907年,公立大学,理工类研究型大学,14位诺贝尔奖得主、3位菲尔兹奖得主等,Alice.P.Gast (葛思兰),"South Kensington, London SW7 2AZ"
哥本哈根大学,University of Copenhagen,UCPH(通用); KU(丹麦语),1479年,公立,综合性大学,,Henrik C. Wegener,首都大区 哥本哈根
圣保罗大学,Universidade de São Paulo,USP,1934年,公立大学,综合,,Marco Antonio Zago,巴西 圣保罗州
意大利特伦托大学,University of Trento,,1962,,,,,意大利
北乔治亚大学,University of North Georgia,,2013年1月8日,,,,,
意大利比萨圣安娜高等学校,,,1987年,,,,,
联合国大学,United Nations University,UNU,1973年,国际共同体,,,大卫·M.马隆,联合国
北卡罗来纳大学教堂山分校,University of North Carolina at ChapelHill,UNC,1789年,国家一级公立大学 世界顶级研究型大学,综合,诺贝尔奖，普利策奖,CAROL L. FOLT,北卡罗来纳州
格勒诺布尔高等商学院,Groupe École Supérieure de Commerce de Grenoble（法文） Grenoble Graduate School Of Business（英文）,GEM,1984年,,商学院,,Dr.LOÏCK ROCHE（校长）,"法国 伊泽尔省 12 Rue Pierre Semard, Grenoble，France"
女王大学,Queen’s University,加拿大女王大学,1841年,大学,,,Patrick Deane,"Kingston, Ontario"
阿克伦大学,University of Akron,UA,1870年,公立大学,综合,,,美国俄亥俄州
俄罗斯俄联邦总统国家行政学院,THE RUSSIAN PRESIDENTIAL ACADEMY OF NATIONAL ECONOMY AND PUBLIC ADMINISTRATION,联邦总统大学,1994年,公立大学,,,弗拉基米尔·莫,莫斯科自治市
曼海姆大学,University of Mannheim (in German: Universität Mannheim),UMA,1907年,公立大学,,,Susann-Annette Storm,
韦仕敦大学,Western University,UWO,1878年,公立大学,综合研究型大学,诺贝尔文学奖、诺贝尔化学奖、诺贝尔和平奖,校长：阿密特 查克马（Amit Chakma) 名誉校长：亚瑟·拉巴特,"1151 Richmond Street, London, Ontario, Canada, N6A 3K7"
西班牙奥维耶多大学,University of Oviedo Spain,奥维耶多大学,1608,公立大学,,,Santiago García Granda,
创价大学,創価大学 そうかだいがく Soka University,创大、创价大,1971年,私立大学,,,马场善久,日本东京都八王子市
斯坦陵布什大学,University of Stellenbosch,,1866年,,,,,斯坦林布什镇
勃艮第高等商学院,Burgundy School of Business,BSB,1899年,,,,,
马来西亚博特拉大学,Universiti Putra Malaysia,UPM,1931年,公立大学,研究型综合大学,AACSB认证,Prof. Datin Paduka Dr. Aini Ideris,马来西亚
埃克塞特大学,University of Exeter,Exon,源于1851；正式创建于1955,公立研究型大学,,英国大学综合排名前十,斯蒂夫·史密斯,英国德文郡
高等电力学院,Ecole Supérieure d'Electricité,Supélec、ESE,1894年,,,,,
江西财经大学,Jiangxi University of Finance and Economics,江西财大、江财（JUFE）,1923年（癸亥年）,公立大学,财经类院校,,党委书记：王乔 校长：卢福财,蛟桥园校区：南昌市昌北国家经济技术开发区双港东大街169号（330013） 青山园校区：南昌市青山南路596号（330077） 麦庐园校区：南昌市昌北经济技术开发区玉屏大道 枫林园校区：江西省南昌市昌北经济技术开发区枫林大道632号（330013）
梅努斯大学,Maynooth University,MU,1795年,公立大学,综合,,,爱尔兰kildare地区
京都外国语大学,Kyoto University of Foreign Studies,京都外大,1947,私立大学,,,松田　武,京都府 右京区
舍布鲁克大学,Université de Sherbrooke,,1954,,综合,,,
曼海姆大学,University of Mannheim (in German: Universität Mannheim),UMA,1907年,公立大学,,,Susann-Annette Storm,
德国公立大学,Universität,,,,,,,
